Workbook
Name \a: #N/A
Name \b: #N/A
Name \c: #N/A
Name \d: #N/A
Name \e: #N/A
Name \f: #N/A
Name \g: #N/A
Name \h: #N/A
Name \i: #N/A
Name \j: #N/A
Name \k: #N/A
Name \l: #N/A
Name \M: #REF!
Name \s: #N/A
Name ___________TAB1: [1]SSlab_45°!$A$2:$H$14
Name __________Fos1: #REF!
Name __________Fos2: #REF!
Name __________LCL1: #REF!
Name __________LCL2: #REF!
Name __________LCL3: #REF!
Name __________LCL4: #REF!
Name __________LCL5: #REF!
Name __________LCL6: #REF!
Name __________LCS4: #REF!
Name __________LCS5: #REF!
Name __________LCT1: #REF!
Name __________LCT2: #REF!
Name __________LCT3: #REF!
Name __________LCT4: #REF!
Name __________LCT5: #REF!
Name __________LCT6: #REF!
Name __________LCV1: #REF!
Name __________LCV2: #REF!
Name __________LCV3: #REF!
Name __________LCV4: #REF!
Name __________LCV5: #REF!
Name __________LCV6: #REF!
Name __________TAB1: [1]SSlab_45°!$A$2:$H$14
Name __________Tcw1: #REF!
Name __________Tcw2: #REF!
Name __________Tcw3: #REF!
Name _________Fos1: #REF!
Name _________Fos2: #REF!
Name _________LCL1: #REF!
Name _________LCL2: #REF!
Name _________LCL3: #REF!
Name _________LCL4: #REF!
Name _________LCL5: #REF!
Name _________LCL6: #REF!
Name _________LCS4: #REF!
Name _________LCS5: #REF!
Name _________LCT1: #REF!
Name _________LCT2: #REF!
Name _________LCT3: #REF!
Name _________LCT4: #REF!
Name _________LCT5: #REF!
Name _________LCT6: #REF!
Name _________LCV1: #REF!
Name _________LCV2: #REF!
Name _________LCV3: #REF!

Sheet TOWER_LIST
A3: Contractor: | G3: Customer: | AM3: LOT 1: CONSTRUCTION OF 500KV JVARI - TSKALTUBO OVERHEAD LINE | BL3: Consultant:
AM4: STRUCTURE LIST
B6: INSULATOR/ HARDWARE SETS FOR CONDUCTOR | AM6: HARDWARE SETS FOR OPGW & EARTHWIRE | AU6: NOTES
B7: SS : | C7: SINGLE SUSPENSION SET | K7: 95-S : | L7: 95-S : | M7: 95-S : | N7: 95-S : | O7: 95-S : | P7: 95-S : | Q7: 95-S : | R7: 95-S : | S7: 95-S : | T7: 95-S : | U7: 95-S : | V7: 95-S : | W7: 95-S : | X7: 95-S : | Y7: 95-S : | Z7: 95-S : | AA7: 95-S : | AB7: 95-S : | AC7: 95-S : | AD7: 95-S : | AE7: 95-S : | AF7: 95-S : | AG7: 95-S : | AH7: 95-S : | AI7: 95-S : | AJ7: 95-S : | AK7: 95-S : | AL7: 95-S : | AM7: 95-S : | AN7: SUSPENSION SET FOR 95 mm2 EW/OPGW | AU7: 1- | AV7: Basic Earthing System were proposed for all Towers. The Final Earthing will determined after Soil Resistivity Tests
B8: DS : | C8: DOUBLE SUSPENSION SET | K8: 95-T : | L8: 95-T : | M8: 95-T : | N8: 95-T : | O8: 95-T : | P8: 95-T : | Q8: 95-T : | R8: 95-T : | S8: 95-T : | T8: 95-T : | U8: 95-T : | V8: 95-T : | W8: 95-T : | X8: 95-T : | Y8: 95-T : | Z8: 95-T : | AA8: 95-T : | AB8: 95-T : | AC8: 95-T : | AD8: 95-T : | AE8: 95-T : | AF8: 95-T : | AG8: 95-T : | AH8: 95-T : | AI8: 95-T : | AJ8: 95-T : | AK8: 95-T : | AL8: 95-T : | AM8: 95-T : | AN8: ANCHOR / TENSION SET FOR 95 mm2 EW/OPGW | AU8: 2- | AV8: Foundation Types will be finalized after performing the Soil Investigation Test
B9: ST : | C9: SINGLE TENSION SET | K9: 95-TSJ | L9: 95-TSJ | M9: 95-TSJ | N9: 95-TSJ | O9: 95-TSJ | P9: 95-TSJ | Q9: 95-TSJ | R9: 95-TSJ | S9: 95-TSJ | T9: 95-TSJ | U9: 95-TSJ | V9: 95-TSJ | W9: 95-TSJ | X9: 95-TSJ | Y9: 95-TSJ | Z9: 95-TSJ | AA9: 95-TSJ | AB9: 95-TSJ | AC9: 95-TSJ | AD9: 95-TSJ | AE9: 95-TSJ | AF9: 95-TSJ | AG9: 95-TSJ | AH9: 95-TSJ | AI9: 95-TSJ | AJ9: 95-TSJ | AK9: 95-TSJ | AL9: 95-TSJ | AM9: 95-TSJ | AN9: SUSPENSION SET FOR 185 mm2 EW/OPGW | AU9: 3- | AV9: The Distribution of Dampers are determined as per Damping Study for Conductor and EW
B10: 2T : | C10: DOUBLE TENSION SET | K10: 185-S : | L10: 185-S : | M10: 185-S : | N10: 185-S : | O10: 185-S : | P10: 185-S : | Q10: 185-S : | R10: 185-S : | S10: 185-S : | T10: 185-S : | U10: 185-S : | V10: 185-S : | W10: 185-S : | X10: 185-S : | Y10: 185-S : | Z10: 185-S : | AA10: 185-S : | AB10: 185-S : | AC10: 185-S : | AD10: 185-S : | AE10: 185-S : | AF10: 185-S : | AG10: 185-S : | AH10: 185-S : | AI10: 185-S : | AJ10: 185-S : | AK10: 185-S : | AL10: 185-S : | AM10: 185-S : | AN10: SUSPENSION SET FOR 185 mm2 EW/OPGW | AU10: 4- | AV10: C.W : Counter Weight
B11: 3T : | C11: TRIPLE TENSION SET | K11: 185-T : | L11: 185-T : | M11: 185-T : | N11: 185-T : | O11: 185-T : | P11: 185-T : | Q11: 185-T : | R11: 185-T : | S11: 185-T : | T11: 185-T : | U11: 185-T : | V11: 185-T : | W11: 185-T : | X11: 185-T : | Y11: 185-T : | Z11: 185-T : | AA11: 185-T : | AB11: 185-T : | AC11: 185-T : | AD11: 185-T : | AE11: 185-T : | AF11: 185-T : | AG11: 185-T : | AH11: 185-T : | AI11: 185-T : | AJ11: 185-T : | AK11: 185-T : | AL11: 185-T : | AM11: 185-T : | AN11: ANCHOR / TENSION SET FOR 185 mm2 EW/OPGW | AU11: 5- | AV11: W.S : Warning Spheres (60 cm Diameter, Red)
B12: JS : | C12: JUMPER SUSPENSION SET | K12: JB : | L12: JB : | M12: JB : | N12: JB : | O12: JB : | P12: JB : | Q12: JB : | R12: JB : | S12: JB : | T12: JB : | U12: JB : | V12: JB : | W12: JB : | X12: JB : | Y12: JB : | Z12: JB : | AA12: JB : | AB12: JB : | AC12: JB : | AD12: JB : | AE12: JB : | AF12: JB : | AG12: JB : | AH12: JB : | AI12: JB : | AJ12: JB : | AK12: JB : | AL12: JB : | AM12: JB : | AN12: JOINT BOX FOR OPGW
S13: FOUNDATION | AC13: ERECTION | AG13: STRINGING
A14: Sl.No. | B14: Towers | O14: Access Road | Q14: Soil Investigation | S14: Excavation | U14: Lean Concrete | W14: Stub Settings | Y14: Concrete | AA14: Backfilling | AC14: Ground Erection | AE14: Crane Erection | AG14: Conductor | AI14: EW | AK14: OPGW | AO14: ANGLE POINT NO. | AP14: Line Angle Degrees | AQ14: Spans | AX14: CONDUCTOR | BE14: OPGW | BI14: EARTHWIRE | BN14: Warning Spheres | BO14: GROUNDING | BS14: Towers
B15: Construction No. | C15: Tower Type | D15: Jvari Tskaltubo | H15: X COORDINATE (m) | I15: Y COORDINATE (m) | J15: Z COORDINATE (m) | K15: TODAY's PROGRESS | L15: TOMORROW'S PLAN | M15: STATUS | N15: SITE ACCESS | O15: Date of Completion | P15: Status | Q15: Date of Completion | R15: Status | S15: Date of Completion | T15: Status | U15: Date of Completion | V15: Status | W15: Date of Completion | X15: Status | Y15: Date of Completion | Z15: Status | AA15: Date of Completion | AB15: Status | AC15: Date of Completion | AD15: Status | AE15: Date of Completion | AF15: Status | AG15: Date of Completion | AH15: Status | AI15: Date of Completion | AJ15: Status | AK15: Date of Completion | AL15: Status | AM15: Cumulative Length (m) | AN15: FOUNDATION TYPE | AQ15: Actual span (m) | AR15: Wind span (m) | AS15: Weight span (m) (at Max Temperature) | AT15: Weight to Wind Span Ratio | AU15: Line Section | AV15: RULLING SPAN ( m) | AW15: SECTION LENGTH ( m) | AX15: Conductor | AY15: Insulator Strings | AZ15: Jumper String | BA15: Rigid Spacer per Jumper | BB15: Spacer damper per phase | BC15: Stock bridge damper per span per conductor (UT3) | BE15: OPGW Sets | BF15: Stock bridge damper per span per OPGW (UT2) | BH15: OPGW Joint Boxes | BI15: Earthwire Sets | BJ15: Stock bridge damper per span per EW | BL15: NOS of UT1 TYPE STOCKBRIDGE DAMPER | BM15: NOS of UT2 TYPE STOCKBRIDGE DAMPER | BO15: Type | BP15: Initial Resistance (ohm) | BQ15: Final Resistance (ohm) | BR15: Crossing | BS15: Remarks | BT15: Construction No.
D16: 1 | E16: 2 | F16: 3 | G16: 4 | BC16: Back Span | BD16: Ahead Span | BF16: Back Span | BG16: Ahead Span | BJ16: Back Span | BK16: Ahead Span
A17: 1 | B17: G1 | C17: GANTRY | D17: N.A | E17: N.A | F17: N.A | G17: N.A | H17: 301752.28 | I17: 4683922.9 | J17: 138.888 | K17: =IF(O17=TODAY(),"ACCESS ROAD",IF(Q17=TODAY(),"Soil Investigation",IF(S17=TODAY(),"Excavation",IF(U17=TODAY(),"Lean Concrete",IF(W17=TODAY(),"Stub Settings",IF(Y17=TODAY(),"Concrete",IF(AA17=TODAY(),"Backfilling",IF(AC17=TODAY(),"Ground Erection",IF(AE17=TODAY(),"Crane Erection",IF(AG17=TODAY(),"Conductor",IF(AI17=TODAY(),"EW",IF(AK17=TODAY(),"OPGW","")))))))))))) | L17: =IF(O17=TODAY()+1,"ACCESS ROAD",IF(Q17=TODAY()+1,"Soil Investigation",IF(S17=TODAY()+1,"Excavation",IF(U17=TODAY()+1,"Lean Concrete",IF(W17=TODAY()+1,"Stub Settings",IF(Y17=TODAY()+1,"Concrete",IF(AA17=TODAY()+1,"Backfilling",IF(AC17=TODAY()+1,"Ground Erection",IF(AE17=TODAY()+1,"Crane Erection",IF(AG17=TODAY()+1,"Conductor",IF(AI17=TODAY()+1,"EW",IF(AK17=TODAY()+1,"OPGW","")))))))))))) | AM17: 0 | AO17: AP0 / SS | AR17: =VLOOKUP(TOWER_LIST!B17,Spans!B:D,2,) -> 43 | AS17: =VLOOKUP(TOWER_LIST!B17,Spans!B:D,3,) -> 53 | AT17: =ROUND(AS17/AR17,2) -> 1.23 | AY17: 2T | BA17: =IF(AZ17>0,3," ") | BD17: 1 | BE17: 95-TSJ | BG17: 1 | BH17: JB | BI17: =BE17 -> 95-TSJ | BK17: 1 | BL17: 1 | BM17: 0 | BT17: G1
AQ18: 85 | AU18: 1 | AV18: 85 | AW18: 85 | AX18: =IF(AQ18<700,"400/51","500/204") -> 400/51 | BB18: 3
A19: 2 | B19: 1 | C19: B90-3 | H19: 301669.3 | I19: 4683941.3 | J19: 137.882 | K19: =IF(O19=TODAY(),"Access Road",IF(Q19=TODAY(),"Soil Investigation",IF(S19=TODAY(),"Excavation",IF(U19=TODAY(),"Lean Concrete",IF(W19=TODAY(),"Stub Settings",IF(Y19=TODAY(),"Concrete",IF(AA19=TODAY(),"Backfilling",IF(AC19=TODAY(),"Ground Erection",IF(AE19=TODAY(),"Crane Erection",IF(AG19=TODAY(),"Conductor",IF(AI19=TODAY(),"EW",IF(AK19=TODAY(),"OPGW","")))))))))))) | L19: =IF(O19=TODAY()+1,"Access Road",IF(Q19=TODAY()+1,"Soil Investigation",IF(S19=TODAY()+1,"Excavation",IF(U19=TODAY()+1,"Lean Concrete",IF(W19=TODAY()+1,"Stub Settings",IF(Y19=TODAY()+1,"Concrete",IF(AA19=TODAY()+1,"Backfilling",IF(AC19=TODAY()+1,"Ground Erection",IF(AE19=TODAY()+1,"Crane Erection",IF(AG19=TODAY()+1,"Conductor",IF(AI19=TODAY()+1,"EW",IF(AK19=TODAY()+1,"OPGW","")))))))))))) | M19: Active | O19: 45306 | P19: =IF(O19="","Not Yet",IF(O19=TODAY(),"Today Completed",IF(O19=TODAY()+1,"Tomorrow's Plan",IF(O19<TODAY(),"Completed","Not Yet")))) -> Completed | Q19: 46003 | R19: =IF(Q19="","Not Yet",IF(Q19=TODAY(),"Today Completed",IF(Q19=TODAY()+1,"Tomorrow's Plan",IF(Q19<TODAY(),"Completed","Not Yet")))) -> Completed | S19: 46117 | T19: =IF(S19="","Not Yet",IF(S19=TODAY(),"Today Completed",IF(S19=TODAY()+1,"Tomorrow's Plan",IF(S19<TODAY(),"Completed","Not Yet")))) -> Completed | V19: =IF(U19="","Not Yet",IF(U19=TODAY(),"Today Completed",IF(U19=TODAY()+1,"Tomorrow's Plan",IF(U19<TODAY(),"Completed","Not Yet")))) -> Not Yet | X19: =IF(W19="","Not Yet",IF(W19=TODAY(),"Today Completed",IF(W19=TODAY()+1,"Tomorrow's Plan",IF(W19<TODAY(),"Completed","Not Yet")))) -> Not Yet | Z19: =IF(Y19="","Not Yet",IF(Y19=TODAY(),"Today Completed",IF(Y19=TODAY()+1,"Tomorrow's Plan",IF(Y19<TODAY(),"Completed","Not Yet")))) -> Not Yet | AB19: =IF(AA19="","Not Yet",IF(AA19=TODAY(),"Today Completed",IF(AA19=TODAY()+1,"Tomorrow's Plan",IF(AA19<TODAY(),"Completed","Not Yet")))) -> Not Yet | AD19: =IF(AC19="","Not Yet",IF(AC19=TODAY(),"Today Completed",IF(AC19=TODAY()+1,"Tomorrow's Plan",IF(AC19<TODAY(),"Completed","Not Yet")))) -> Not Yet | AF19: =IF(AE19="","Not Yet",IF(AE19=TODAY(),"Today Completed",IF(AE19=TODAY()+1,"Tomorrow's Plan",IF(AE19<TODAY(),"Completed","Not Yet")))) -> Not Yet | AH19: =IF(AG19="","Not Yet",IF(AG19=TODAY(),"Today Completed",IF(AG19=TODAY()+1,"Tomorrow's Plan",IF(AG19<TODAY(),"Completed","Not Yet")))) -> Not Yet | AJ19: =IF(AI19="","Not Yet",IF(AI19=TODAY(),"Today Completed",IF(AI19=TODAY()+1,"Tomorrow's Plan",IF(AI19<TODAY(),"Completed","Not Yet")))) -> Not Yet | AL19: =IF(AK19="","Not Yet",IF(AK19=TODAY(),"Today Completed",IF(AK19=TODAY()+1,"Tomorrow's Plan",IF(AK19<TODAY(),"Completed","Not Yet")))) -> Not Yet | AM19: 85 | AN19: 5.1 | AO19: AP1 | AP19: -13.0027 | AR19: =VLOOKUP(TOWER_LIST!B19,Spans!B:D,2,) -> 183 | AS19: =VLOOKUP(TOWER_LIST!B19,Spans!B:D,3,) -> 224 | AT19: =ROUND(AS19/AR19,2) -> 1.22 | AY19: 2T-2T | AZ19: 4 | BA19: 2 | BC19: 1 | BD19: 1 | BE19: =IF(LEFT(C19,2)="BN","95-S","95-T") -> 95-T | BF19: 1 | BG19: 1 | BH19: =IF(LEFT(BE19,2)="18","JB"," " ) | BI19: =BE19 -> 95-T | BJ19: 1 | BK19: 1 | BL19: 2 | BM19: 0 | BO19: Step-1 | BT19: 1
AQ20: 280.29 | AU20: 2 | AV20: 280.29 | AW20: 280.29 | AX20: =IF(AQ20<700,"400/51","500/204") -> 400/51 | BB20: 6 | BR20: TRACK
A21: 3 | B21: 2 | C21: B30-3 | H21: 301389.02 | I21: 4683939 | J21: 134.2 | K21: =IF(O21=TODAY(),"Access Road",IF(Q21=TODAY(),"Soil Investigation",IF(S21=TODAY(),"Excavation",IF(U21=TODAY(),"Lean Concrete",IF(W21=TODAY(),"Stub Settings",IF(Y21=TODAY(),"Concrete",IF(AA21=TODAY(),"Backfilling",IF(AC21=TODAY(),"Ground Erection",IF(AE21=TODAY(),"Crane Erection",IF(AG21=TODAY(),"Conductor",IF(AI21=TODAY(),"EW",IF(AK21=TODAY(),"OPGW","")))))))))))) | L21: =IF(O21=TODAY()+1,"Access Road",IF(Q21=TODAY()+1,"Soil Investigation",IF(S21=TODAY()+1,"Excavation",IF(U21=TODAY()+1,"Lean Concrete",IF(W21=TODAY()+1,"Stub Settings",IF(Y21=TODAY()+1,"Concrete",IF(AA21=TODAY()+1,"Backfilling",IF(AC21=TODAY()+1,"Ground Erection",IF(AE21=TODAY()+1,"Crane Erection",IF(AG21=TODAY()+1,"Conductor",IF(AI21=TODAY()+1,"EW",IF(AK21=TODAY()+1,"OPGW","")))))))))))) | M21: Active | O21: 45638 | P21: =IF(O21="","Not Yet",IF(O21=TODAY(),"Today Completed",IF(O21=TODAY()+1,"Tomorrow's Plan",IF(O21<TODAY(),"Completed","Not Yet")))) -> Completed | Q21: 46003 | R21: =IF(Q21="","Not Yet",IF(Q21=TODAY(),"Today Completed",IF(Q21=TODAY()+1,"Tomorrow's Plan",IF(Q21<TODAY(),"Completed","Not Yet")))) -> Completed | S21: 46116 | T21: =IF(S21="","Not Yet",IF(S21=TODAY(),"Today Completed",IF(S21=TODAY()+1,"Tomorrow's Plan",IF(S21<TODAY(),"Completed","Not Yet")))) -> Completed | V21: =IF(U21="","Not Yet",IF(U21=TODAY(),"Today Completed",IF(U21=TODAY()+1,"Tomorrow's Plan",IF(U21<TODAY(),"Completed","Not Yet")))) -> Not Yet | X21: =IF(W21="","Not Yet",IF(W21=TODAY(),"Today Completed",IF(W21=TODAY()+1,"Tomorrow's Plan",IF(W21<TODAY(),"Completed","Not Yet")))) -> Not Yet | Z21: =IF(Y21="","Not Yet",IF(Y21=TODAY(),"Today Completed",IF(Y21=TODAY()+1,"Tomorrow's Plan",IF(Y21<TODAY(),"Completed","Not Yet")))) -> Not Yet | AB21: =IF(AA21="","Not Yet",IF(AA21=TODAY(),"Today Completed",IF(AA21=TODAY()+1,"Tomorrow's Plan",IF(AA21<TODAY(),"Completed","Not Yet")))) -> Not Yet | AD21: =IF(AC21="","Not Yet",IF(AC21=TODAY(),"Today Completed",IF(AC21=TODAY()+1,"Tomorrow's Plan",IF(AC21<TODAY(),"Completed","Not Yet")))) -> Not Yet | AF21: =IF(AE21="","Not Yet",IF(AE21=TODAY(),"Today Completed",IF(AE21=TODAY()+1,"Tomorrow's Plan",IF(AE21<TODAY(),"Completed","Not Yet")))) -> Not Yet | AH21: =IF(AG21="","Not Yet",IF(AG21=TODAY(),"Today Completed",IF(AG21=TODAY()+1,"Tomorrow's Plan",IF(AG21<TODAY(),"Completed","Not Yet")))) -> Not Yet | AJ21: =IF(AI21="","Not Yet",IF(AI21=TODAY(),"Today Completed",IF(AI21=TODAY()+1,"Tomorrow's Plan",IF(AI21<TODAY(),"Completed","Not Yet")))) -> Not Yet | AL21: =IF(AK21="","Not Yet",IF(AK21=TODAY(),"Today Completed",IF(AK21=TODAY()+1,"Tomorrow's Plan",IF(AK21<TODAY(),"Completed","Not Yet")))) -> Not Yet | AM21: 365.29 | AN21: 3 | AO21: AP2 | AP21: -23.6247 | AR21: =VLOOKUP(TOWER_LIST!B21,Spans!B:D,2,) -> 280 | AS21: =VLOOKUP(TOWER_LIST!B21,Spans!B:D,3,) -> 250 | AT21: =ROUND(AS21/AR21,2) -> 0.89 | AY21: 2T-2T | AZ21: 2 | BA21: =IF(AZ21>0,3," ") -> 3 | BC21: 1 | BD21: 1 | BE21: =IF(LEFT(C21,2)="BN","95-S","95-T") -> 95-T | BF21: 1 | BG21: 1 | BH21: =IF(LEFT(BE21,2)="18","JB"," " ) | BI21: =BE21 -> 95-T | BJ21: 1 | BK21: 1 | BL21: 2 | BM21: 0 | BO21: Step-1 | BT21: 2
AQ22: 279.71 | AU22: 3 | AV22: 291.50044 | AW22: 581.72 | AX22: =IF(AQ22<700,"400/51","500/204") -> 400/51 | BB22: 5
A23: 4 | B23: 3 | C23: BNS+6 | H23: 301133.69 | I23: 4683824.8 | J23: 129.362 | K23: =IF(O23=TODAY(),"Access Road",IF(Q23=TODAY(),"Soil Investigation",IF(S23=TODAY(),"Excavation",IF(U23=TODAY(),"Lean Concrete",IF(W23=TODAY(),"Stub Settings",IF(Y23=TODAY(),"Concrete",IF(AA23=TODAY(),"Backfilling",IF(AC23=TODAY(),"Ground Erection",IF(AE23=TODAY(),"Crane Erection",IF(AG23=TODAY(),"Conductor",IF(AI23=TODAY(),"EW",IF(AK23=TODAY(),"OPGW","")))))))))))) | L23: =IF(O23=TODAY()+1,"Access Road",IF(Q23=TODAY()+1,"Soil Investigation",IF(S23=TODAY()+1,"Excavation",IF(U23=TODAY()+1,"Lean Concrete",IF(W23=TODAY()+1,"Stub Settings",IF(Y23=TODAY()+1,"Concrete",IF(AA23=TODAY()+1,"Backfilling",IF(AC23=TODAY()+1,"Ground Erection",IF(AE23=TODAY()+1,"Crane Erection",IF(AG23=TODAY()+1,"Conductor",IF(AI23=TODAY()+1,"EW",IF(AK23=TODAY()+1,"OPGW","")))))))))))) | M23: Active | O23: 45638 | P23: =IF(O23="","Not Yet",IF(O23=TODAY(),"Today Completed",IF(O23=TODAY()+1,"Tomorrow's Plan",IF(O23<TODAY(),"Completed","Not Yet")))) -> Completed | Q23: 46003 | R23: =IF(Q23="","Not Yet",IF(Q23=TODAY(),"Today Completed",IF(Q23=TODAY()+1,"Tomorrow's Plan",IF(Q23<TODAY(),"Completed","Not Yet")))) -> Completed | T23: =IF(S23="","Not Yet",IF(S23=TODAY(),"Today Completed",IF(S23=TODAY()+1,"Tomorrow's Plan",IF(S23<TODAY(),"Completed","Not Yet")))) -> Not Yet | V23: =IF(U23="","Not Yet",IF(U23=TODAY(),"Today Completed",IF(U23=TODAY()+1,"Tomorrow's Plan",IF(U23<TODAY(),"Completed","Not Yet")))) -> Not Yet | X23: =IF(W23="","Not Yet",IF(W23=TODAY(),"Today Completed",IF(W23=TODAY()+1,"Tomorrow's Plan",IF(W23<TODAY(),"Completed","Not Yet")))) -> Not Yet | Z23: =IF(Y23="","Not Yet",IF(Y23=TODAY(),"Today Completed",IF(Y23=TODAY()+1,"Tomorrow's Plan",IF(Y23<TODAY(),"Completed","Not Yet")))) -> Not Yet | AB23: =IF(AA23="","Not Yet",IF(AA23=TODAY(),"Today Completed",IF(AA23=TODAY()+1,"Tomorrow's Plan",IF(AA23<TODAY(),"Completed","Not Yet")))) -> Not Yet | AD23: =IF(AC23="","Not Yet",IF(AC23=TODAY(),"Today Completed",IF(AC23=TODAY()+1,"Tomorrow's Plan",IF(AC23<TODAY(),"Completed","Not Yet")))) -> Not Yet | AF23: =IF(AE23="","Not Yet",IF(AE23=TODAY(),"Today Completed",IF(AE23=TODAY()+1,"Tomorrow's Plan",IF(AE23<TODAY(),"Completed","Not Yet")))) -> Not Yet | AH23: =IF(AG23="","Not Yet",IF(AG23=TODAY(),"Today Completed",IF(AG23=TODAY()+1,"Tomorrow's Plan",IF(AG23<TODAY(),"Completed","Not Yet")))) -> Not Yet | AJ23: =IF(AI23="","Not Yet",IF(AI23=TODAY(),"Today Completed",IF(AI23=TODAY()+1,"Tomorrow's Plan",IF(AI23<TODAY(),"Completed","Not Yet")))) -> Not Yet | AL23: =IF(AK23="","Not Yet",IF(AK23=TODAY(),"Today Completed",IF(AK23=TODAY()+1,"Tomorrow's Plan",IF(AK23<TODAY(),"Completed","Not Yet")))) -> Not Yet | AM23: 645 | AN23: 3 | AR23: =VLOOKUP(TOWER_LIST!B23,Spans!B:D,2,) -> 291 | AS23: =VLOOKUP(TOWER_LIST!B23,Spans!B:D,3,) -> 353 | AT23: =ROUND(AS23/AR23,2) -> 1.21 | AY23: SS | BA23: =IF(AZ23>0,3," ") | BC23: 1 | BD23: 1 | BE23: =IF(LEFT(C23,2)="BN","95-S","95-T") -> 95-S | BF23: 1 | BG23: 1 | BH23: =IF(LEFT(BE23,2)="18","JB"," " ) | BI23: =BE23 -> 95-S | BJ23: 1 | BK23: 1 | BL23: 2 | BM23: 0 | BO23: Step-1 | BT23: 3
AQ24: 302.01 | AX24: =IF(AQ24<700,"400/51","500/204") -> 400/51 | BB24: 6 | BR24: TRACK
A25: 5 | B25: 4 | C25: B60-3 | H25: 300858 | I25: 4683701.5 | J25: 126.326 | K25: =IF(O25=TODAY(),"Access Road",IF(Q25=TODAY(),"Soil Investigation",IF(S25=TODAY(),"Excavation",IF(U25=TODAY(),"Lean Concrete",IF(W25=TODAY(),"Stub Settings",IF(Y25=TODAY(),"Concrete",IF(AA25=TODAY(),"Backfilling",IF(AC25=TODAY(),"Ground Erection",IF(AE25=TODAY(),"Crane Erection",IF(AG25=TODAY(),"Conductor",IF(AI25=TODAY(),"EW",IF(AK25=TODAY(),"OPGW","")))))))))))) | L25: =IF(O25=TODAY()+1,"Access Road",IF(Q25=TODAY()+1,"Soil Investigation",IF(S25=TODAY()+1,"Excavation",IF(U25=TODAY()+1,"Lean Concrete",IF(W25=TODAY()+1,"Stub Settings",IF(Y25=TODAY()+1,"Concrete",IF(AA25=TODAY()+1,"Backfilling",IF(AC25=TODAY()+1,"Ground Erection",IF(AE25=TODAY()+1,"Crane Erection",IF(AG25=TODAY()+1,"Conductor",IF(AI25=TODAY()+1,"EW",IF(AK25=TODAY()+1,"OPGW","")))))))))))) | M25: Active | O25: 45638 | P25: =IF(O25="","Not Yet",IF(O25=TODAY(),"Today Completed",IF(O25=TODAY()+1,"Tomorrow's Plan",IF(O25<TODAY(),"Completed","Not Yet")))) -> Completed | Q25: 46003 | R25: =IF(Q25="","Not Yet",IF(Q25=TODAY(),"Today Completed",IF(Q25=TODAY()+1,"Tomorrow's Plan",IF(Q25<TODAY(),"Completed","Not Yet")))) -> Completed | T25: =IF(S25="","Not Yet",IF(S25=TODAY(),"Today Completed",IF(S25=TODAY()+1,"Tomorrow's Plan",IF(S25<TODAY(),"Completed","Not Yet")))) -> Not Yet | V25: =IF(U25="","Not Yet",IF(U25=TODAY(),"Today Completed",IF(U25=TODAY()+1,"Tomorrow's Plan",IF(U25<TODAY(),"Completed","Not Yet")))) -> Not Yet | X25: =IF(W25="","Not Yet",IF(W25=TODAY(),"Today Completed",IF(W25=TODAY()+1,"Tomorrow's Plan",IF(W25<TODAY(),"Completed","Not Yet")))) -> Not Yet | Z25: =IF(Y25="","Not Yet",IF(Y25=TODAY(),"Today Completed",IF(Y25=TODAY()+1,"Tomorrow's Plan",IF(Y25<TODAY(),"Completed","Not Yet")))) -> Not Yet | AB25: =IF(AA25="","Not Yet",IF(AA25=TODAY(),"Today Completed",IF(AA25=TODAY()+1,"Tomorrow's Plan",IF(AA25<TODAY(),"Completed","Not Yet")))) -> Not Yet | AD25: =IF(AC25="","Not Yet",IF(AC25=TODAY(),"Today Completed",IF(AC25=TODAY()+1,"Tomorrow's Plan",IF(AC25<TODAY(),"Completed","Not Yet")))) -> Not Yet | AF25: =IF(AE25="","Not Yet",IF(AE25=TODAY(),"Today Completed",IF(AE25=TODAY()+1,"Tomorrow's Plan",IF(AE25<TODAY(),"Completed","Not Yet")))) -> Not Yet | AH25: =IF(AG25="","Not Yet",IF(AG25=TODAY(),"Today Completed",IF(AG25=TODAY()+1,"Tomorrow's Plan",IF(AG25<TODAY(),"Completed","Not Yet")))) -> Not Yet | AJ25: =IF(AI25="","Not Yet",IF(AI25=TODAY(),"Today Completed",IF(AI25=TODAY()+1,"Tomorrow's Plan",IF(AI25<TODAY(),"Completed","Not Yet")))) -> Not Yet | AL25: =IF(AK25="","Not Yet",IF(AK25=TODAY(),"Today Completed",IF(AK25=TODAY()+1,"Tomorrow's Plan",IF(AK25<TODAY(),"Completed","Not Yet")))) -> Not Yet | AM25: 947.01 | AN25: 4.1 | AO25: AP3 | AP25: 50.5638 | AR25: =VLOOKUP(TOWER_LIST!B25,Spans!B:D,2,) -> 302 | AS25: =VLOOKUP(TOWER_LIST!B25,Spans!B:D,3,) -> 234 | AT25: =ROUND(AS25/AR25,2) -> 0.77 | AY25: 2T-2T | AZ25: 1 | BA25: =IF(AZ25>0,3," ") -> 3 | BC25: 1 | BD25: 1 | BE25: =IF(LEFT(C25,2)="BN","95-S","95-T") -> 95-T | BF25: 1 | BG25: 1 | BH25: =IF(LEFT(BE25,2)="18","JB"," " ) | BI25: =BE25 -> 95-T | BJ25: 1 | BK25: 1 | BL25: 2 | BM25: 0 | BO25: Step-1 | BT25: 4
AQ26: 302.56 | AU26: 4 | AV26: 322.4451 | AW26: 641.76 | AX26: =IF(AQ26<700,"400/51","500/204") -> 400/51 | BB26: 6 | BR26: ROAD
A27: 6 | B27: 5 | C27: BNS+3 | H27: 300587.15 | I27: 4683836.3 | J27: 127.391 | K27: =IF(O27=TODAY(),"Access Road",IF(Q27=TODAY(),"Soil Investigation",IF(S27=TODAY(),"Excavation",IF(U27=TODAY(),"Lean Concrete",IF(W27=TODAY(),"Stub Settings",IF(Y27=TODAY(),"Concrete",IF(AA27=TODAY(),"Backfilling",IF(AC27=TODAY(),"Ground Erection",IF(AE27=TODAY(),"Crane Erection",IF(AG27=TODAY(),"Conductor",IF(AI27=TODAY(),"EW",IF(AK27=TODAY(),"OPGW","")))))))))))) | L27: =IF(O27=TODAY()+1,"Access Road",IF(Q27=TODAY()+1,"Soil Investigation",IF(S27=TODAY()+1,"Excavation",IF(U27=TODAY()+1,"Lean Concrete",IF(W27=TODAY()+1,"Stub Settings",IF(Y27=TODAY()+1,"Concrete",IF(AA27=TODAY()+1,"Backfilling",IF(AC27=TODAY()+1,"Ground Erection",IF(AE27=TODAY()+1,"Crane Erection",IF(AG27=TODAY()+1,"Conductor",IF(AI27=TODAY()+1,"EW",IF(AK27=TODAY()+1,"OPGW","")))))))))))) | O27: 45638 | P27: =IF(O27="","Not Yet",IF(O27=TODAY(),"Today Completed",IF(O27=TODAY()+1,"Tomorrow's Plan",IF(O27<TODAY(),"Completed","Not Yet")))) -> Completed | Q27: 46003 | R27: =IF(Q27="","Not Yet",IF(Q27=TODAY(),"Today Completed",IF(Q27=TODAY()+1,"Tomorrow's Plan",IF(Q27<TODAY(),"Completed","Not Yet")))) -> Completed | T27: =IF(S27="","Not Yet",IF(S27=TODAY(),"Today Completed",IF(S27=TODAY()+1,"Tomorrow's Plan",IF(S27<TODAY(),"Completed","Not Yet")))) -> Not Yet | V27: =IF(U27="","Not Yet",IF(U27=TODAY(),"Today Completed",IF(U27=TODAY()+1,"Tomorrow's Plan",IF(U27<TODAY(),"Completed","Not Yet")))) -> Not Yet | X27: =IF(W27="","Not Yet",IF(W27=TODAY(),"Today Completed",IF(W27=TODAY()+1,"Tomorrow's Plan",IF(W27<TODAY(),"Completed","Not Yet")))) -> Not Yet | Z27: =IF(Y27="","Not Yet",IF(Y27=TODAY(),"Today Completed",IF(Y27=TODAY()+1,"Tomorrow's Plan",IF(Y27<TODAY(),"Completed","Not Yet")))) -> Not Yet | AB27: =IF(AA27="","Not Yet",IF(AA27=TODAY(),"Today Completed",IF(AA27=TODAY()+1,"Tomorrow's Plan",IF(AA27<TODAY(),"Completed","Not Yet")))) -> Not Yet | AD27: =IF(AC27="","Not Yet",IF(AC27=TODAY(),"Today Completed",IF(AC27=TODAY()+1,"Tomorrow's Plan",IF(AC27<TODAY(),"Completed","Not Yet")))) -> Not Yet | AF27: =IF(AE27="","Not Yet",IF(AE27=TODAY(),"Today Completed",IF(AE27=TODAY()+1,"Tomorrow's Plan",IF(AE27<TODAY(),"Completed","Not Yet")))) -> Not Yet | AH27: =IF(AG27="","Not Yet",IF(AG27=TODAY(),"Today Completed",IF(AG27=TODAY()+1,"Tomorrow's Plan",IF(AG27<TODAY(),"Completed","Not Yet")))) -> Not Yet | AJ27: =IF(AI27="","Not Yet",IF(AI27=TODAY(),"Today Completed",IF(AI27=TODAY()+1,"Tomorrow's Plan",IF(AI27<TODAY(),"Completed","Not Yet")))) -> Not Yet | AL27: =IF(AK27="","Not Yet",IF(AK27=TODAY(),"Today Completed",IF(AK27=TODAY()+1,"Tomorrow's Plan",IF(AK27<TODAY(),"Completed","Not Yet")))) -> Not Yet | AM27: 1249.57 | AN27: 4.1 | AR27: =VLOOKUP(TOWER_LIST!B27,Spans!B:D,2,) -> 321 | AS27: =VLOOKUP(TOWER_LIST!B27,Spans!B:D,3,) -> 361 | AT27: =ROUND(AS27/AR27,2) -> 1.12 | AY27: DS | BA27: =IF(AZ27>0,3," ") | BC27: 1 | BD27: 1 | BE27: =IF(LEFT(C27,2)="BN","95-S","95-T") -> 95-S | BF27: 1 | BG27: 1 | BH27: =IF(LEFT(BE27,2)="18","JB"," " ) | BI27: =BE27 -> 95-S | BJ27: 1 | BK27: 1 | BL27: 2 | BM27: 0 | BO27: Step-1 | BT27: 5
AQ28: 339.2 | AX28: =IF(AQ28<700,"400/51","500/204") -> 400/51 | BB28: 7
A29: 7 | B29: 6 | C29: B60+3 | H29: 300283.5 | I29: 4683987.5 | J29: 123.786 | K29: =IF(O29=TODAY(),"Access Road",IF(Q29=TODAY(),"Soil Investigation",IF(S29=TODAY(),"Excavation",IF(U29=TODAY(),"Lean Concrete",IF(W29=TODAY(),"Stub Settings",IF(Y29=TODAY(),"Concrete",IF(AA29=TODAY(),"Backfilling",IF(AC29=TODAY(),"Ground Erection",IF(AE29=TODAY(),"Crane Erection",IF(AG29=TODAY(),"Conductor",IF(AI29=TODAY(),"EW",IF(AK29=TODAY(),"OPGW","")))))))))))) | L29: =IF(O29=TODAY()+1,"Access Road",IF(Q29=TODAY()+1,"Soil Investigation",IF(S29=TODAY()+1,"Excavation",IF(U29=TODAY()+1,"Lean Concrete",IF(W29=TODAY()+1,"Stub Settings",IF(Y29=TODAY()+1,"Concrete",IF(AA29=TODAY()+1,"Backfilling",IF(AC29=TODAY()+1,"Ground Erection",IF(AE29=TODAY()+1,"Crane Erection",IF(AG29=TODAY()+1,"Conductor",IF(AI29=TODAY()+1,"EW",IF(AK29=TODAY()+1,"OPGW","")))))))))))) | O29: 45638 | P29: =IF(O29="","Not Yet",IF(O29=TODAY(),"Today Completed",IF(O29=TODAY()+1,"Tomorrow's Plan",IF(O29<TODAY(),"Completed","Not Yet")))) -> Completed | Q29: 46003 | R29: =IF(Q29="","Not Yet",IF(Q29=TODAY(),"Today Completed",IF(Q29=TODAY()+1,"Tomorrow's Plan",IF(Q29<TODAY(),"Completed","Not Yet")))) -> Completed | T29: =IF(S29="","Not Yet",IF(S29=TODAY(),"Today Completed",IF(S29=TODAY()+1,"Tomorrow's Plan",IF(S29<TODAY(),"Completed","Not Yet")))) -> Not Yet | V29: =IF(U29="","Not Yet",IF(U29=TODAY(),"Today Completed",IF(U29=TODAY()+1,"Tomorrow's Plan",IF(U29<TODAY(),"Completed","Not Yet")))) -> Not Yet | X29: =IF(W29="","Not Yet",IF(W29=TODAY(),"Today Completed",IF(W29=TODAY()+1,"Tomorrow's Plan",IF(W29<TODAY(),"Completed","Not Yet")))) -> Not Yet | Z29: =IF(Y29="","Not Yet",IF(Y29=TODAY(),"Today Completed",IF(Y29=TODAY()+1,"Tomorrow's Plan",IF(Y29<TODAY(),"Completed","Not Yet")))) -> Not Yet | AB29: =IF(AA29="","Not Yet",IF(AA29=TODAY(),"Today Completed",IF(AA29=TODAY()+1,"Tomorrow's Plan",IF(AA29<TODAY(),"Completed","Not Yet")))) -> Not Yet | AD29: =IF(AC29="","Not Yet",IF(AC29=TODAY(),"Today Completed",IF(AC29=TODAY()+1,"Tomorrow's Plan",IF(AC29<TODAY(),"Completed","Not Yet")))) -> Not Yet | AF29: =IF(AE29="","Not Yet",IF(AE29=TODAY(),"Today Completed",IF(AE29=TODAY()+1,"Tomorrow's Plan",IF(AE29<TODAY(),"Completed","Not Yet")))) -> Not Yet | AH29: =IF(AG29="","Not Yet",IF(AG29=TODAY(),"Today Completed",IF(AG29=TODAY()+1,"Tomorrow's Plan",IF(AG29<TODAY(),"Completed","Not Yet")))) -> Not Yet | AJ29: =IF(AI29="","Not Yet",IF(AI29=TODAY(),"Today Completed",IF(AI29=TODAY()+1,"Tomorrow's Plan",IF(AI29<TODAY(),"Completed","Not Yet")))) -> Not Yet | AL29: =IF(AK29="","Not Yet",IF(AK29=TODAY(),"Today Completed",IF(AK29=TODAY()+1,"Tomorrow's Plan",IF(AK29<TODAY(),"Completed","Not Yet")))) -> Not Yet | AM29: 1588.77 | AN29: 5.1 | AO29: AP4 | AP29: -51.9286 | AR29: =VLOOKUP(TOWER_LIST!B29,Spans!B:D,2,) -> 274 | AS29: =VLOOKUP(TOWER_LIST!B29,Spans!B:D,3,) -> 249 | AT29: =ROUND(AS29/AR29,2) -> 0.91 | AY29: 2T-2T | AZ29: 2 | BA29: =IF(AZ29>0,3," ") -> 3 | BC29: 1 | BD29: 1 | BE29: =IF(LEFT(C29,2)="BN","95-S","95-T") -> 95-T | BF29: 1 | BG29: 1 | BH29: =IF(LEFT(BE29,2)="18","JB"," " ) | BI29: =BE29 -> 95-T | BJ29: 1 | BK29: 1 | BL29: 2 | BM29: 0 | BO29: Step-1 | BT29: 6
AQ30: 209.33 | AU30: 5 | AV30: 209.33 | AW30: 209.33 | AX30: =IF(AQ30<700,"400/51","500/204") -> 400/51 | BB30: 4 | BR30: ROAD, RAILWAY, MV OHDL
A31: 8 | B31: 7 | C31: B90+9 | H31: 300094.5 | I31: 4683897.5 | J31: 120.878 | K31: =IF(O31=TODAY(),"Access Road",IF(Q31=TODAY(),"Soil Investigation",IF(S31=TODAY(),"Excavation",IF(U31=TODAY(),"Lean Concrete",IF(W31=TODAY(),"Stub Settings",IF(Y31=TODAY(),"Concrete",IF(AA31=TODAY(),"Backfilling",IF(AC31=TODAY(),"Ground Erection",IF(AE31=TODAY(),"Crane Erection",IF(AG31=TODAY(),"Conductor",IF(AI31=TODAY(),"EW",IF(AK31=TODAY(),"OPGW","")))))))))))) | L31: =IF(O31=TODAY()+1,"Access Road",IF(Q31=TODAY()+1,"Soil Investigation",IF(S31=TODAY()+1,"Excavation",IF(U31=TODAY()+1,"Lean Concrete",IF(W31=TODAY()+1,"Stub Settings",IF(Y31=TODAY()+1,"Concrete",IF(AA31=TODAY()+1,"Backfilling",IF(AC31=TODAY()+1,"Ground Erection",IF(AE31=TODAY()+1,"Crane Erection",IF(AG31=TODAY()+1,"Conductor",IF(AI31=TODAY()+1,"EW",IF(AK31=TODAY()+1,"OPGW","")))))))))))) | O31: 45638 | P31: =IF(O31="","Not Yet",IF(O31=TODAY(),"Today Completed",IF(O31=TODAY()+1,"Tomorrow's Plan",IF(O31<TODAY(),"Completed","Not Yet")))) -> Completed | Q31: 46003 | R31: =IF(Q31="","Not Yet",IF(Q31=TODAY(),"Today Completed",IF(Q31=TODAY()+1,"Tomorrow's Plan",IF(Q31<TODAY(),"Completed","Not Yet")))) -> Completed | S31: 46116 | T31: =IF(S31="","Not Yet",IF(S31=TODAY(),"Today Completed",IF(S31=TODAY()+1,"Tomorrow's Plan",IF(S31<TODAY(),"Completed","Not Yet")))) -> Completed | V31: =IF(U31="","Not Yet",IF(U31=TODAY(),"Today Completed",IF(U31=TODAY()+1,"Tomorrow's Plan",IF(U31<TODAY(),"Completed","Not Yet")))) -> Not Yet | X31: =IF(W31="","Not Yet",IF(W31=TODAY(),"Today Completed",IF(W31=TODAY()+1,"Tomorrow's Plan",IF(W31<TODAY(),"Completed","Not Yet")))) -> Not Yet | Z31: =IF(Y31="","Not Yet",IF(Y31=TODAY(),"Today Completed",IF(Y31=TODAY()+1,"Tomorrow's Plan",IF(Y31<TODAY(),"Completed","Not Yet")))) -> Not Yet | AB31: =IF(AA31="","Not Yet",IF(AA31=TODAY(),"Today Completed",IF(AA31=TODAY()+1,"Tomorrow's Plan",IF(AA31<TODAY(),"Completed","Not Yet")))) -> Not Yet | AD31: =IF(AC31="","Not Yet",IF(AC31=TODAY(),"Today Completed",IF(AC31=TODAY()+1,"Tomorrow's Plan",IF(AC31<TODAY(),"Completed","Not Yet")))) -> Not Yet | AF31: =IF(AE31="","Not Yet",IF(AE31=TODAY(),"Today Completed",IF(AE31=TODAY()+1,"Tomorrow's Plan",IF(AE31<TODAY(),"Completed","Not Yet")))) -> Not Yet | AH31: =IF(AG31="","Not Yet",IF(AG31=TODAY(),"Today Completed",IF(AG31=TODAY()+1,"Tomorrow's Plan",IF(AG31<TODAY(),"Completed","Not Yet")))) -> Not Yet | AJ31: =IF(AI31="","Not Yet",IF(AI31=TODAY(),"Today Completed",IF(AI31=TODAY()+1,"Tomorrow's Plan",IF(AI31<TODAY(),"Completed","Not Yet")))) -> Not Yet | AL31: =IF(AK31="","Not Yet",IF(AK31=TODAY(),"Today Completed",IF(AK31=TODAY()+1,"Tomorrow's Plan",IF(AK31<TODAY(),"Completed","Not Yet")))) -> Not Yet | AM31: 1798.1 | AN31: 3 | AO31: AP5 | AP31: 67.6282 | AR31: =VLOOKUP(TOWER_LIST!B31,Spans!B:D,2,) -> 308 | AS31: =VLOOKUP(TOWER_LIST!B31,Spans!B:D,3,) -> 343 | AT31: =ROUND(AS31/AR31,2) -> 1.11 | AY31: 2T-2T | AZ31: 2 | BA31: 2 | BC31: 1 | BD31: 1 | BE31: =IF(LEFT(C31,2)="BN","95-S","95-T") -> 95-T | BF31: 1 | BG31: 1 | BH31: JB | BI31: =BE31 -> 95-T | BJ31: 1 | BK31: 1 | BL31: 2 | BM31: 0 | BO31: Step-1 | BT31: 7
AQ32: 407.44 | AU32: 6 | AV32: 407.44 | AW32: 407.44 | AX32: =IF(AQ32<700,"400/51","500/204") -> 400/51 | BB32: 8 | BR32: ROAD, MV OHDL
A33: 9 | B33: 8 | C33: B30+3 | H33: 299792.5 | I33: 4684171 | J33: 119.573 | K33: =IF(O33=TODAY(),"Access Road",IF(Q33=TODAY(),"Soil Investigation",IF(S33=TODAY(),"Excavation",IF(U33=TODAY(),"Lean Concrete",IF(W33=TODAY(),"Stub Settings",IF(Y33=TODAY(),"Concrete",IF(AA33=TODAY(),"Backfilling",IF(AC33=TODAY(),"Ground Erection",IF(AE33=TODAY(),"Crane Erection",IF(AG33=TODAY(),"Conductor",IF(AI33=TODAY(),"EW",IF(AK33=TODAY(),"OPGW","")))))))))))) | L33: =IF(O33=TODAY()+1,"Access Road",IF(Q33=TODAY()+1,"Soil Investigation",IF(S33=TODAY()+1,"Excavation",IF(U33=TODAY()+1,"Lean Concrete",IF(W33=TODAY()+1,"Stub Settings",IF(Y33=TODAY()+1,"Concrete",IF(AA33=TODAY()+1,"Backfilling",IF(AC33=TODAY()+1,"Ground Erection",IF(AE33=TODAY()+1,"Crane Erection",IF(AG33=TODAY()+1,"Conductor",IF(AI33=TODAY()+1,"EW",IF(AK33=TODAY()+1,"OPGW","")))))))))))) | O33: 45638 | P33: =IF(O33="","Not Yet",IF(O33=TODAY(),"Today Completed",IF(O33=TODAY()+1,"Tomorrow's Plan",IF(O33<TODAY(),"Completed","Not Yet")))) -> Completed | Q33: 46003 | R33: =IF(Q33="","Not Yet",IF(Q33=TODAY(),"Today Completed",IF(Q33=TODAY()+1,"Tomorrow's Plan",IF(Q33<TODAY(),"Completed","Not Yet")))) -> Completed | S33: 15/12/2025 | T33: =IF(S33="","Not Yet",IF(S33=TODAY(),"Today Completed",IF(S33=TODAY()+1,"Tomorrow's Plan",IF(S33<TODAY(),"Completed","Not Yet")))) -> Not Yet | U33: 15/12/2025 | V33: =IF(U33="","Not Yet",IF(U33=TODAY(),"Today Completed",IF(U33=TODAY()+1,"Tomorrow's Plan",IF(U33<TODAY(),"Completed","Not Yet")))) -> Not Yet | W33: 15/12/2025 | X33: =IF(W33="","Not Yet",IF(W33=TODAY(),"Today Completed",IF(W33=TODAY()+1,"Tomorrow's Plan",IF(W33<TODAY(),"Completed","Not Yet")))) -> Not Yet | Y33: 15/12/2025 | Z33: =IF(Y33="","Not Yet",IF(Y33=TODAY(),"Today Completed",IF(Y33=TODAY()+1,"Tomorrow's Plan",IF(Y33<TODAY(),"Completed","Not Yet")))) -> Not Yet | AB33: =IF(AA33="","Not Yet",IF(AA33=TODAY(),"Today Completed",IF(AA33=TODAY()+1,"Tomorrow's Plan",IF(AA33<TODAY(),"Completed","Not Yet")))) -> Not Yet | AD33: =IF(AC33="","Not Yet",IF(AC33=TODAY(),"Today Completed",IF(AC33=TODAY()+1,"Tomorrow's Plan",IF(AC33<TODAY(),"Completed","Not Yet")))) -> Not Yet | AF33: =IF(AE33="","Not Yet",IF(AE33=TODAY(),"Today Completed",IF(AE33=TODAY()+1,"Tomorrow's Plan",IF(AE33<TODAY(),"Completed","Not Yet")))) -> Not Yet | AH33: =IF(AG33="","Not Yet",IF(AG33=TODAY(),"Today Completed",IF(AG33=TODAY()+1,"Tomorrow's Plan",IF(AG33<TODAY(),"Completed","Not Yet")))) -> Not Yet | AJ33: =IF(AI33="","Not Yet",IF(AI33=TODAY(),"Today Completed",IF(AI33=TODAY()+1,"Tomorrow's Plan",IF(AI33<TODAY(),"Completed","Not Yet")))) -> Not Yet | AL33: =IF(AK33="","Not Yet",IF(AK33=TODAY(),"Today Completed",IF(AK33=TODAY()+1,"Tomorrow's Plan",IF(AK33<TODAY(),"Completed","Not Yet")))) -> Not Yet | AM33: 2205.54 | AN33: 5.1 | AO33: AP6 | AP33: -17.7222 | AR33: =VLOOKUP(TOWER_LIST!B33,Spans!B:D,2,) -> 398 | AS33: =VLOOKUP(TOWER_LIST!B33,Spans!B:D,3,) -> 378 | AT33: =ROUND(AS33/AR33,2) -> 0.95 | AY33: 2T-2T | AZ33: 2 | BA33: =IF(AZ33>0,3," ") -> 3 | BC33: 1 | BD33: 1 | BE33: =IF(LEFT(C33,2)="BN","95-S","95-T") -> 95-T | BF33: 1 | BG33: 1 | BH33: =IF(LEFT(BE33,2)="18","JB"," " ) | BI33: =BE33 -> 95-T | BJ33: 1 | BK33: 1 | BL33: 2 | BM33: 0 | BO33: Step-1 | BT33: 8
AQ34: 389.46 | AU34: 7 | AV34: 375.59751 | AW34: 749.46 | AX34: =IF(AQ34<700,"400/51","500/204") -> 400/51 | BB34: 8
A35: 10 | B35: 9 | C35: BNS+6 | H35: 299437.95 | I35: 4684332.2 | J35: 117.014 | K35: =IF(O35=TODAY(),"Access Road",IF(Q35=TODAY(),"Soil Investigation",IF(S35=TODAY(),"Excavation",IF(U35=TODAY(),"Lean Concrete",IF(W35=TODAY(),"Stub Settings",IF(Y35=TODAY(),"Concrete",IF(AA35=TODAY(),"Backfilling",IF(AC35=TODAY(),"Ground Erection",IF(AE35=TODAY(),"Crane Erection",IF(AG35=TODAY(),"Conductor",IF(AI35=TODAY(),"EW",IF(AK35=TODAY(),"OPGW","")))))))))))) | L35: =IF(O35=TODAY()+1,"Access Road",IF(Q35=TODAY()+1,"Soil Investigation",IF(S35=TODAY()+1,"Excavation",IF(U35=TODAY()+1,"Lean Concrete",IF(W35=TODAY()+1,"Stub Settings",IF(Y35=TODAY()+1,"Concrete",IF(AA35=TODAY()+1,"Backfilling",IF(AC35=TODAY()+1,"Ground Erection",IF(AE35=TODAY()+1,"Crane Erection",IF(AG35=TODAY()+1,"Conductor",IF(AI35=TODAY()+1,"EW",IF(AK35=TODAY()+1,"OPGW","")))))))))))) | O35: 45638 | P35: =IF(O35="","Not Yet",IF(O35=TODAY(),"Today Completed",IF(O35=TODAY()+1,"Tomorrow's Plan",IF(O35<TODAY(),"Completed","Not Yet")))) -> Completed | Q35: 46003 | R35: =IF(Q35="","Not Yet",IF(Q35=TODAY(),"Today Completed",IF(Q35=TODAY()+1,"Tomorrow's Plan",IF(Q35<TODAY(),"Completed","Not Yet")))) -> Completed | S35: 15/12/2025 | T35: =IF(S35="","Not Yet",IF(S35=TODAY(),"Today Completed",IF(S35=TODAY()+1,"Tomorrow's Plan",IF(S35<TODAY(),"Completed","Not Yet")))) -> Not Yet | U35: 15/12/2025 | V35: =IF(U35="","Not Yet",IF(U35=TODAY(),"Today Completed",IF(U35=TODAY()+1,"Tomorrow's Plan",IF(U35<TODAY(),"Completed","Not Yet")))) -> Not Yet | W35: 15/12/2025 | X35: =IF(W35="","Not Yet",IF(W35=TODAY(),"Today Completed",IF(W35=TODAY()+1,"Tomorrow's Plan",IF(W35<TODAY(),"Completed","Not Yet")))) -> Not Yet | Y35: 15/12/2025 | Z35: =IF(Y35="","Not Yet",IF(Y35=TODAY(),"Today Completed",IF(Y35=TODAY()+1,"Tomorrow's Plan",IF(Y35<TODAY(),"Completed","Not Yet")))) -> Not Yet | AB35: =IF(AA35="","Not Yet",IF(AA35=TODAY(),"Today Completed",IF(AA35=TODAY()+1,"Tomorrow's Plan",IF(AA35<TODAY(),"Completed","Not Yet")))) -> Not Yet | AD35: =IF(AC35="","Not Yet",IF(AC35=TODAY(),"Today Completed",IF(AC35=TODAY()+1,"Tomorrow's Plan",IF(AC35<TODAY(),"Completed","Not Yet")))) -> Not Yet | AF35: =IF(AE35="","Not Yet",IF(AE35=TODAY(),"Today Completed",IF(AE35=TODAY()+1,"Tomorrow's Plan",IF(AE35<TODAY(),"Completed","Not Yet")))) -> Not Yet | AH35: =IF(AG35="","Not Yet",IF(AG35=TODAY(),"Today Completed",IF(AG35=TODAY()+1,"Tomorrow's Plan",IF(AG35<TODAY(),"Completed","Not Yet")))) -> Not Yet | AJ35: =IF(AI35="","Not Yet",IF(AI35=TODAY(),"Today Completed",IF(AI35=TODAY()+1,"Tomorrow's Plan",IF(AI35<TODAY(),"Completed","Not Yet")))) -> Not Yet | AL35: =IF(AK35="","Not Yet",IF(AK35=TODAY(),"Today Completed",IF(AK35=TODAY()+1,"Tomorrow's Plan",IF(AK35<TODAY(),"Completed","Not Yet")))) -> Not Yet | AM35: 2595 | AN35: 3 | AR35: =VLOOKUP(TOWER_LIST!B35,Spans!B:D,2,) -> 375 | AS35: =VLOOKUP(TOWER_LIST!B35,Spans!B:D,3,) -> 414 | AT35: =ROUND(AS35/AR35,2) -> 1.1 | AY35: SS | BA35: =IF(AZ35>0,3," ") | BC35: 1 | BD35: 1 | BE35: =IF(LEFT(C35,2)="BN","95-S","95-T") -> 95-S | BF35: 1 | BG35: 1 | BH35: =IF(LEFT(BE35,2)="18","JB"," " ) | BI35: =BE35 -> 95-S | BJ35: 1 | BK35: 1 | BL35: 2 | BM35: 0 | BO35: Step-1 | BT35: 9
AQ36: 360 | AX36: =IF(AQ36<700,"400/51","500/204") -> 400/51 | BB36: 7
A37: 11 | B37: 10 | C37: B30-3 | H37: 299110.21 | I37: 4684481.1 | J37: 115.154 | K37: =IF(O37=TODAY(),"Access Road",IF(Q37=TODAY(),"Soil Investigation",IF(S37=TODAY(),"Excavation",IF(U37=TODAY(),"Lean Concrete",IF(W37=TODAY(),"Stub Settings",IF(Y37=TODAY(),"Concrete",IF(AA37=TODAY(),"Backfilling",IF(AC37=TODAY(),"Ground Erection",IF(AE37=TODAY(),"Crane Erection",IF(AG37=TODAY(),"Conductor",IF(AI37=TODAY(),"EW",IF(AK37=TODAY(),"OPGW","")))))))))))) | L37: =IF(O37=TODAY()+1,"Access Road",IF(Q37=TODAY()+1,"Soil Investigation",IF(S37=TODAY()+1,"Excavation",IF(U37=TODAY()+1,"Lean Concrete",IF(W37=TODAY()+1,"Stub Settings",IF(Y37=TODAY()+1,"Concrete",IF(AA37=TODAY()+1,"Backfilling",IF(AC37=TODAY()+1,"Ground Erection",IF(AE37=TODAY()+1,"Crane Erection",IF(AG37=TODAY()+1,"Conductor",IF(AI37=TODAY()+1,"EW",IF(AK37=TODAY()+1,"OPGW","")))))))))))) | O37: 45638 | P37: =IF(O37="","Not Yet",IF(O37=TODAY(),"Today Completed",IF(O37=TODAY()+1,"Tomorrow's Plan",IF(O37<TODAY(),"Completed","Not Yet")))) -> Completed | Q37: 46003 | R37: =IF(Q37="","Not Yet",IF(Q37=TODAY(),"Today Completed",IF(Q37=TODAY()+1,"Tomorrow's Plan",IF(Q37<TODAY(),"Completed","Not Yet")))) -> Completed | S37: 30/03/2026 | T37: =IF(S37="","Not Yet",IF(S37=TODAY(),"Today Completed",IF(S37=TODAY()+1,"Tomorrow's Plan",IF(S37<TODAY(),"Completed","Not Yet")))) -> Not Yet | U37: 30/03/2026 | V37: =IF(U37="","Not Yet",IF(U37=TODAY(),"Today Completed",IF(U37=TODAY()+1,"Tomorrow's Plan",IF(U37<TODAY(),"Completed","Not Yet")))) -> Not Yet | W37: 30/03/2026 | X37: =IF(W37="","Not Yet",IF(W37=TODAY(),"Today Completed",IF(W37=TODAY()+1,"Tomorrow's Plan",IF(W37<TODAY(),"Completed","Not Yet")))) -> Not Yet | Y37: 30/03/2026 | Z37: =IF(Y37="","Not Yet",IF(Y37=TODAY(),"Today Completed",IF(Y37=TODAY()+1,"Tomorrow's Plan",IF(Y37<TODAY(),"Completed","Not Yet")))) -> Not Yet | AB37: =IF(AA37="","Not Yet",IF(AA37=TODAY(),"Today Completed",IF(AA37=TODAY()+1,"Tomorrow's Plan",IF(AA37<TODAY(),"Completed","Not Yet")))) -> Not Yet | AD37: =IF(AC37="","Not Yet",IF(AC37=TODAY(),"Today Completed",IF(AC37=TODAY()+1,"Tomorrow's Plan",IF(AC37<TODAY(),"Completed","Not Yet")))) -> Not Yet | AF37: =IF(AE37="","Not Yet",IF(AE37=TODAY(),"Today Completed",IF(AE37=TODAY()+1,"Tomorrow's Plan",IF(AE37<TODAY(),"Completed","Not Yet")))) -> Not Yet | AH37: =IF(AG37="","Not Yet",IF(AG37=TODAY(),"Today Completed",IF(AG37=TODAY()+1,"Tomorrow's Plan",IF(AG37<TODAY(),"Completed","Not Yet")))) -> Not Yet | AJ37: =IF(AI37="","Not Yet",IF(AI37=TODAY(),"Today Completed",IF(AI37=TODAY()+1,"Tomorrow's Plan",IF(AI37<TODAY(),"Completed","Not Yet")))) -> Not Yet | AL37: =IF(AK37="","Not Yet",IF(AK37=TODAY(),"Today Completed",IF(AK37=TODAY()+1,"Tomorrow's Plan",IF(AK37<TODAY(),"Completed","Not Yet")))) -> Not Yet | AM37: 2955 | AN37: 3 | AR37: =VLOOKUP(TOWER_LIST!B37,Spans!B:D,2,) -> 358 | AS37: =VLOOKUP(TOWER_LIST!B37,Spans!B:D,3,) -> 317 | AT37: =ROUND(AS37/AR37,2) -> 0.89 | AY37: 2T-2T | AZ37: 3 | BA37: =IF(AZ37>0,3," ") -> 3 | BC37: 1 | BD37: 1 | BE37: =IF(LEFT(C37,2)="BN","95-S","95-T") -> 95-T | BF37: 1 | BG37: 1 | BH37: =IF(LEFT(BE37,2)="18","JB"," " ) | BI37: =BE37 -> 95-T | BJ37: 1 | BK37: 1 | BL37: 2 | BM37: 0 | BO37: Step-1 | BT37: 10
AQ38: 355 | AU38: 8 | AV38: 355 | AW38: 355 | AX38: =IF(AQ38<700,"400/51","500/204") -> 400/51 | BB38: 7
A39: 12 | B39: 11 | C39: B30+0 | H39: 298787.03 | I39: 4684628 | J39: 114.498 | K39: =IF(O39=TODAY(),"Access Road",IF(Q39=TODAY(),"Soil Investigation",IF(S39=TODAY(),"Excavation",IF(U39=TODAY(),"Lean Concrete",IF(W39=TODAY(),"Stub Settings",IF(Y39=TODAY(),"Concrete",IF(AA39=TODAY(),"Backfilling",IF(AC39=TODAY(),"Ground Erection",IF(AE39=TODAY(),"Crane Erection",IF(AG39=TODAY(),"Conductor",IF(AI39=TODAY(),"EW",IF(AK39=TODAY(),"OPGW","")))))))))))) | L39: =IF(O39=TODAY()+1,"Access Road",IF(Q39=TODAY()+1,"Soil Investigation",IF(S39=TODAY()+1,"Excavation",IF(U39=TODAY()+1,"Lean Concrete",IF(W39=TODAY()+1,"Stub Settings",IF(Y39=TODAY()+1,"Concrete",IF(AA39=TODAY()+1,"Backfilling",IF(AC39=TODAY()+1,"Ground Erection",IF(AE39=TODAY()+1,"Crane Erection",IF(AG39=TODAY()+1,"Conductor",IF(AI39=TODAY()+1,"EW",IF(AK39=TODAY()+1,"OPGW","")))))))))))) | N39: NO PERMISSION / LAND OWNER | O39: 45638 | P39: =IF(O39="","Not Yet",IF(O39=TODAY(),"Today Completed",IF(O39=TODAY()+1,"Tomorrow's Plan",IF(O39<TODAY(),"Completed","Not Yet")))) -> Completed | Q39: 46003 | R39: =IF(Q39="","Not Yet",IF(Q39=TODAY(),"Today Completed",IF(Q39=TODAY()+1,"Tomorrow's Plan",IF(Q39<TODAY(),"Completed","Not Yet")))) -> Completed | T39: =IF(S39="","Not Yet",IF(S39=TODAY(),"Today Completed",IF(S39=TODAY()+1,"Tomorrow's Plan",IF(S39<TODAY(),"Completed","Not Yet")))) -> Not Yet | V39: =IF(U39="","Not Yet",IF(U39=TODAY(),"Today Completed",IF(U39=TODAY()+1,"Tomorrow's Plan",IF(U39<TODAY(),"Completed","Not Yet")))) -> Not Yet | X39: =IF(W39="","Not Yet",IF(W39=TODAY(),"Today Completed",IF(W39=TODAY()+1,"Tomorrow's Plan",IF(W39<TODAY(),"Completed","Not Yet")))) -> Not Yet | Z39: =IF(Y39="","Not Yet",IF(Y39=TODAY(),"Today Completed",IF(Y39=TODAY()+1,"Tomorrow's Plan",IF(Y39<TODAY(),"Completed","Not Yet")))) -> Not Yet | AB39: =IF(AA39="","Not Yet",IF(AA39=TODAY(),"Today Completed",IF(AA39=TODAY()+1,"Tomorrow's Plan",IF(AA39<TODAY(),"Completed","Not Yet")))) -> Not Yet | AD39: =IF(AC39="","Not Yet",IF(AC39=TODAY(),"Today Completed",IF(AC39=TODAY()+1,"Tomorrow's Plan",IF(AC39<TODAY(),"Completed","Not Yet")))) -> Not Yet | AF39: =IF(AE39="","Not Yet",IF(AE39=TODAY(),"Today Completed",IF(AE39=TODAY()+1,"Tomorrow's Plan",IF(AE39<TODAY(),"Completed","Not Yet")))) -> Not Yet | AH39: =IF(AG39="","Not Yet",IF(AG39=TODAY(),"Today Completed",IF(AG39=TODAY()+1,"Tomorrow's Plan",IF(AG39<TODAY(),"Completed","Not Yet")))) -> Not Yet | AJ39: =IF(AI39="","Not Yet",IF(AI39=TODAY(),"Today Completed",IF(AI39=TODAY()+1,"Tomorrow's Plan",IF(AI39<TODAY(),"Completed","Not Yet")))) -> Not Yet | AL39: =IF(AK39="","Not Yet",IF(AK39=TODAY(),"Today Completed",IF(AK39=TODAY()+1,"Tomorrow's Plan",IF(AK39<TODAY(),"Completed","Not Yet")))) -> Not Yet | AM39: 3310 | AN39: 4.1 | AR39: =VLOOKUP(TOWER_LIST!B39,Spans!B:D,2,) -> 345 | AS39: =VLOOKUP(TOWER_LIST!B39,Spans!B:D,3,) -> 350 | AT39: =ROUND(AS39/AR39,2) -> 1.01 | AY39: 2T-2T | AZ39: 3 | BA39: =IF(AZ39>0,3," ") -> 3 | BC39: 1 | BD39: 1 | BE39: =IF(LEFT(C39,2)="BN","95-S","95-T") -> 95-T | BF39: 1 | BG39: 1 | BH39: =IF(LEFT(BE39,2)="18","JB"," " ) | BI39: =BE39 -> 95-T | BJ39: 1 | BK39: 1 | BL39: 2 | BM39: 0 | BO39: Step-1 | BT39: 11
AQ40: 335 | AU40: 9 | AV40: 337.52778 | AW40: 675 | AX40: =IF(AQ40<700,"400/51","500/204") -> 400/51 | BB40: 7 | BR40: ROAD, MV OHDL
A41: 13 | B41: 12 | C41: BNS+3 | H41: 298482.05 | I41: 4684766.6 | J41: 112.108 | K41: =IF(O41=TODAY(),"Access Road",IF(Q41=TODAY(),"Soil Investigation",IF(S41=TODAY(),"Excavation",IF(U41=TODAY(),"Lean Concrete",IF(W41=TODAY(),"Stub Settings",IF(Y41=TODAY(),"Concrete",IF(AA41=TODAY(),"Backfilling",IF(AC41=TODAY(),"Ground Erection",IF(AE41=TODAY(),"Crane Erection",IF(AG41=TODAY(),"Conductor",IF(AI41=TODAY(),"EW",IF(AK41=TODAY(),"OPGW","")))))))))))) | L41: =IF(O41=TODAY()+1,"Access Road",IF(Q41=TODAY()+1,"Soil Investigation",IF(S41=TODAY()+1,"Excavation",IF(U41=TODAY()+1,"Lean Concrete",IF(W41=TODAY()+1,"Stub Settings",IF(Y41=TODAY()+1,"Concrete",IF(AA41=TODAY()+1,"Backfilling",IF(AC41=TODAY()+1,"Ground Erection",IF(AE41=TODAY()+1,"Crane Erection",IF(AG41=TODAY()+1,"Conductor",IF(AI41=TODAY()+1,"EW",IF(AK41=TODAY()+1,"OPGW","")))))))))))) | M41: Active | O41: 45638 | P41: =IF(O41="","Not Yet",IF(O41=TODAY(),"Today Completed",IF(O41=TODAY()+1,"Tomorrow's Plan",IF(O41<TODAY(),"Completed","Not Yet")))) -> Completed | Q41: 46003 | R41: =IF(Q41="","Not Yet",IF(Q41=TODAY(),"Today Completed",IF(Q41=TODAY()+1,"Tomorrow's Plan",IF(Q41<TODAY(),"Completed","Not Yet")))) -> Completed | S41: 46117 | T41: =IF(S41="","Not Yet",IF(S41=TODAY(),"Today Completed",IF(S41=TODAY()+1,"Tomorrow's Plan",IF(S41<TODAY(),"Completed","Not Yet")))) -> Completed | V41: =IF(U41="","Not Yet",IF(U41=TODAY(),"Today Completed",IF(U41=TODAY()+1,"Tomorrow's Plan",IF(U41<TODAY(),"Completed","Not Yet")))) -> Not Yet | X41: =IF(W41="","Not Yet",IF(W41=TODAY(),"Today Completed",IF(W41=TODAY()+1,"Tomorrow's Plan",IF(W41<TODAY(),"Completed","Not Yet")))) -> Not Yet | Z41: =IF(Y41="","Not Yet",IF(Y41=TODAY(),"Today Completed",IF(Y41=TODAY()+1,"Tomorrow's Plan",IF(Y41<TODAY(),"Completed","Not Yet")))) -> Not Yet | AB41: =IF(AA41="","Not Yet",IF(AA41=TODAY(),"Today Completed",IF(AA41=TODAY()+1,"Tomorrow's Plan",IF(AA41<TODAY(),"Completed","Not Yet")))) -> Not Yet | AD41: =IF(AC41="","Not Yet",IF(AC41=TODAY(),"Today Completed",IF(AC41=TODAY()+1,"Tomorrow's Plan",IF(AC41<TODAY(),"Completed","Not Yet")))) -> Not Yet | AF41: =IF(AE41="","Not Yet",IF(AE41=TODAY(),"Today Completed",IF(AE41=TODAY()+1,"Tomorrow's Plan",IF(AE41<TODAY(),"Completed","Not Yet")))) -> Not Yet | AH41: =IF(AG41="","Not Yet",IF(AG41=TODAY(),"Today Completed",IF(AG41=TODAY()+1,"Tomorrow's Plan",IF(AG41<TODAY(),"Completed","Not Yet")))) -> Not Yet | AJ41: =IF(AI41="","Not Yet",IF(AI41=TODAY(),"Today Completed",IF(AI41=TODAY()+1,"Tomorrow's Plan",IF(AI41<TODAY(),"Completed","Not Yet")))) -> Not Yet | AL41: =IF(AK41="","Not Yet",IF(AK41=TODAY(),"Today Completed",IF(AK41=TODAY()+1,"Tomorrow's Plan",IF(AK41<TODAY(),"Completed","Not Yet")))) -> Not Yet | AM41: 3645 | AN41: 4.1 | AR41: =VLOOKUP(TOWER_LIST!B41,Spans!B:D,2,) -> 338 | AS41: =VLOOKUP(TOWER_LIST!B41,Spans!B:D,3,) -> 374 | AT41: =ROUND(AS41/AR41,2) -> 1.11 | AY41: DS | BA41: =IF(AZ41>0,3," ") | BC41: 1 | BD41: 1 | BE41: =IF(LEFT(C41,2)="BN","95-S","95-T") -> 95-S | BF41: 1 | BG41: 1 | BH41: =IF(LEFT(BE41,2)="18","JB"," " ) | BI41: =BE41 -> 95-S | BJ41: 1 | BK41: 1 | BL41: 2 | BM41: 0 | BO41: Step-1 | BT41: 12
AQ42: 340 | AX42: =IF(AQ42<700,"400/51","500/204") -> 400/51 | BB42: 7
A43: 14 | B43: 13 | C43: B30-3 | H43: 298172.52 | I43: 4684907.3 | J43: 108.707 | K43: =IF(O43=TODAY(),"Access Road",IF(Q43=TODAY(),"Soil Investigation",IF(S43=TODAY(),"Excavation",IF(U43=TODAY(),"Lean Concrete",IF(W43=TODAY(),"Stub Settings",IF(Y43=TODAY(),"Concrete",IF(AA43=TODAY(),"Backfilling",IF(AC43=TODAY(),"Ground Erection",IF(AE43=TODAY(),"Crane Erection",IF(AG43=TODAY(),"Conductor",IF(AI43=TODAY(),"EW",IF(AK43=TODAY(),"OPGW","")))))))))))) | L43: =IF(O43=TODAY()+1,"Access Road",IF(Q43=TODAY()+1,"Soil Investigation",IF(S43=TODAY()+1,"Excavation",IF(U43=TODAY()+1,"Lean Concrete",IF(W43=TODAY()+1,"Stub Settings",IF(Y43=TODAY()+1,"Concrete",IF(AA43=TODAY()+1,"Backfilling",IF(AC43=TODAY()+1,"Ground Erection",IF(AE43=TODAY()+1,"Crane Erection",IF(AG43=TODAY()+1,"Conductor",IF(AI43=TODAY()+1,"EW",IF(AK43=TODAY()+1,"OPGW","")))))))))))) | M43: Active | O43: 45638 | P43: =IF(O43="","Not Yet",IF(O43=TODAY(),"Today Completed",IF(O43=TODAY()+1,"Tomorrow's Plan",IF(O43<TODAY(),"Completed","Not Yet")))) -> Completed | Q43: 46003 | R43: =IF(Q43="","Not Yet",IF(Q43=TODAY(),"Today Completed",IF(Q43=TODAY()+1,"Tomorrow's Plan",IF(Q43<TODAY(),"Completed","Not Yet")))) -> Completed | S43: 46116 | T43: =IF(S43="","Not Yet",IF(S43=TODAY(),"Today Completed",IF(S43=TODAY()+1,"Tomorrow's Plan",IF(S43<TODAY(),"Completed","Not Yet")))) -> Completed | U43: 46117 | V43: =IF(U43="","Not Yet",IF(U43=TODAY(),"Today Completed",IF(U43=TODAY()+1,"Tomorrow's Plan",IF(U43<TODAY(),"Completed","Not Yet")))) -> Completed | X43: =IF(W43="","Not Yet",IF(W43=TODAY(),"Today Completed",IF(W43=TODAY()+1,"Tomorrow's Plan",IF(W43<TODAY(),"Completed","Not Yet")))) -> Not Yet | Z43: =IF(Y43="","Not Yet",IF(Y43=TODAY(),"Today Completed",IF(Y43=TODAY()+1,"Tomorrow's Plan",IF(Y43<TODAY(),"Completed","Not Yet")))) -> Not Yet | AB43: =IF(AA43="","Not Yet",IF(AA43=TODAY(),"Today Completed",IF(AA43=TODAY()+1,"Tomorrow's Plan",IF(AA43<TODAY(),"Completed","Not Yet")))) -> Not Yet | AD43: =IF(AC43="","Not Yet",IF(AC43=TODAY(),"Today Completed",IF(AC43=TODAY()+1,"Tomorrow's Plan",IF(AC43<TODAY(),"Completed","Not Yet")))) -> Not Yet | AF43: =IF(AE43="","Not Yet",IF(AE43=TODAY(),"Today Completed",IF(AE43=TODAY()+1,"Tomorrow's Plan",IF(AE43<TODAY(),"Completed","Not Yet")))) -> Not Yet | AH43: =IF(AG43="","Not Yet",IF(AG43=TODAY(),"Today Completed",IF(AG43=TODAY()+1,"Tomorrow's Plan",IF(AG43<TODAY(),"Completed","Not Yet")))) -> Not Yet | AJ43: =IF(AI43="","Not Yet",IF(AI43=TODAY(),"Today Completed",IF(AI43=TODAY()+1,"Tomorrow's Plan",IF(AI43<TODAY(),"Completed","Not Yet")))) -> Not Yet | AL43: =IF(AK43="","Not Yet",IF(AK43=TODAY(),"Today Completed",IF(AK43=TODAY()+1,"Tomorrow's Plan",IF(AK43<TODAY(),"Completed","Not Yet")))) -> Not Yet | AM43: 3985 | AN43: 5.1 | AR43: =VLOOKUP(TOWER_LIST!B43,Spans!B:D,2,) -> 345 | AS43: =VLOOKUP(TOWER_LIST!B43,Spans!B:D,3,) -> 286 | AT43: =ROUND(AS43/AR43,2) -> 0.83 | AY43: 2T-2T | AZ43: 3 | BA43: =IF(AZ43>0,3," ") -> 3 | BC43: 1 | BD43: 1 | BE43: =IF(LEFT(C43,2)="BN","95-S","95-T") -> 95-T | BF43: 1 | BG43: 1 | BH43: =IF(LEFT(BE43,2)="18","JB"," " ) | BI43: =BE43 -> 95-T | BJ43: 1 | BK43: 1 | BL43: 2 | BM43: 0 | BO43: Step-1 | BT43: 13
AQ44: 350 | AU44: 10 | AV44: 344.34082 | AW44: 1032.79 | AX44: =IF(AQ44<700,"400/51","500/204") -> 400/51 | BB44: 7
A45: 15 | B45: 14 | C45: BNS+6 | H45: 297853.89 | I45: 4685052.1 | J45: 108.648 | K45: =IF(O45=TODAY(),"Access Road",IF(Q45=TODAY(),"Soil Investigation",IF(S45=TODAY(),"Excavation",IF(U45=TODAY(),"Lean Concrete",IF(W45=TODAY(),"Stub Settings",IF(Y45=TODAY(),"Concrete",IF(AA45=TODAY(),"Backfilling",IF(AC45=TODAY(),"Ground Erection",IF(AE45=TODAY(),"Crane Erection",IF(AG45=TODAY(),"Conductor",IF(AI45=TODAY(),"EW",IF(AK45=TODAY(),"OPGW","")))))))))))) | L45: =IF(O45=TODAY()+1,"Access Road",IF(Q45=TODAY()+1,"Soil Investigation",IF(S45=TODAY()+1,"Excavation",IF(U45=TODAY()+1,"Lean Concrete",IF(W45=TODAY()+1,"Stub Settings",IF(Y45=TODAY()+1,"Concrete",IF(AA45=TODAY()+1,"Backfilling",IF(AC45=TODAY()+1,"Ground Erection",IF(AE45=TODAY()+1,"Crane Erection",IF(AG45=TODAY()+1,"Conductor",IF(AI45=TODAY()+1,"EW",IF(AK45=TODAY()+1,"OPGW","")))))))))))) | M45: Active | O45: 45638 | P45: =IF(O45="","Not Yet",IF(O45=TODAY(),"Today Completed",IF(O45=TODAY()+1,"Tomorrow's Plan",IF(O45<TODAY(),"Completed","Not Yet")))) -> Completed | Q45: 46003 | R45: =IF(Q45="","Not Yet",IF(Q45=TODAY(),"Today Completed",IF(Q45=TODAY()+1,"Tomorrow's Plan",IF(Q45<TODAY(),"Completed","Not Yet")))) -> Completed | S45: 46117 | T45: =IF(S45="","Not Yet",IF(S45=TODAY(),"Today Completed",IF(S45=TODAY()+1,"Tomorrow's Plan",IF(S45<TODAY(),"Completed","Not Yet")))) -> Completed | V45: =IF(U45="","Not Yet",IF(U45=TODAY(),"Today Completed",IF(U45=TODAY()+1,"Tomorrow's Plan",IF(U45<TODAY(),"Completed","Not Yet")))) -> Not Yet | X45: =IF(W45="","Not Yet",IF(W45=TODAY(),"Today Completed",IF(W45=TODAY()+1,"Tomorrow's Plan",IF(W45<TODAY(),"Completed","Not Yet")))) -> Not Yet | Z45: =IF(Y45="","Not Yet",IF(Y45=TODAY(),"Today Completed",IF(Y45=TODAY()+1,"Tomorrow's Plan",IF(Y45<TODAY(),"Completed","Not Yet")))) -> Not Yet | AB45: =IF(AA45="","Not Yet",IF(AA45=TODAY(),"Today Completed",IF(AA45=TODAY()+1,"Tomorrow's Plan",IF(AA45<TODAY(),"Completed","Not Yet")))) -> Not Yet | AD45: =IF(AC45="","Not Yet",IF(AC45=TODAY(),"Today Completed",IF(AC45=TODAY()+1,"Tomorrow's Plan",IF(AC45<TODAY(),"Completed","Not Yet")))) -> Not Yet | AF45: =IF(AE45="","Not Yet",IF(AE45=TODAY(),"Today Completed",IF(AE45=TODAY()+1,"Tomorrow's Plan",IF(AE45<TODAY(),"Completed","Not Yet")))) -> Not Yet | AH45: =IF(AG45="","Not Yet",IF(AG45=TODAY(),"Today Completed",IF(AG45=TODAY()+1,"Tomorrow's Plan",IF(AG45<TODAY(),"Completed","Not Yet")))) -> Not Yet | AJ45: =IF(AI45="","Not Yet",IF(AI45=TODAY(),"Today Completed",IF(AI45=TODAY()+1,"Tomorrow's Plan",IF(AI45<TODAY(),"Completed","Not Yet")))) -> Not Yet | AL45: =IF(AK45="","Not Yet",IF(AK45=TODAY(),"Today Completed",IF(AK45=TODAY()+1,"Tomorrow's Plan",IF(AK45<TODAY(),"Completed","Not Yet")))) -> Not Yet | AM45: 4335 | AN45: 3 | AR45: =VLOOKUP(TOWER_LIST!B45,Spans!B:D,2,) -> 345 | AS45: =VLOOKUP(TOWER_LIST!B45,Spans!B:D,3,) -> 383 | AT45: =ROUND(AS45/AR45,2) -> 1.11 | AY45: SS | BA45: =IF(AZ45>0,3," ") | BC45: 1 | BD45: 1 | BE45: =IF(LEFT(C45,2)="BN","95-S","95-T") -> 95-S | BF45: 1 | BG45: 1 | BH45: =IF(LEFT(BE45,2)="18","JB"," " ) | BI45: =BE45 -> 95-S | BJ45: 1 | BK45: 1 | BL45: 2 | BM45: 0 | BO45: Step-1 | BT45: 14
AQ46: 340 | AX46: =IF(AQ46<700,"400/51","500/204") -> 400/51 | BB46: 7
A47: 16 | B47: 15 | C47: BNS+6 | H47: 297544.36 | I47: 4685192.8 | J47: 106.444 | K47: =IF(O47=TODAY(),"Access Road",IF(Q47=TODAY(),"Soil Investigation",IF(S47=TODAY(),"Excavation",IF(U47=TODAY(),"Lean Concrete",IF(W47=TODAY(),"Stub Settings",IF(Y47=TODAY(),"Concrete",IF(AA47=TODAY(),"Backfilling",IF(AC47=TODAY(),"Ground Erection",IF(AE47=TODAY(),"Crane Erection",IF(AG47=TODAY(),"Conductor",IF(AI47=TODAY(),"EW",IF(AK47=TODAY(),"OPGW","")))))))))))) | L47: =IF(O47=TODAY()+1,"Access Road",IF(Q47=TODAY()+1,"Soil Investigation",IF(S47=TODAY()+1,"Excavation",IF(U47=TODAY()+1,"Lean Concrete",IF(W47=TODAY()+1,"Stub Settings",IF(Y47=TODAY()+1,"Concrete",IF(AA47=TODAY()+1,"Backfilling",IF(AC47=TODAY()+1,"Ground Erection",IF(AE47=TODAY()+1,"Crane Erection",IF(AG47=TODAY()+1,"Conductor",IF(AI47=TODAY()+1,"EW",IF(AK47=TODAY()+1,"OPGW","")))))))))))) | M47: Active | O47: 45638 | P47: =IF(O47="","Not Yet",IF(O47=TODAY(),"Today Completed",IF(O47=TODAY()+1,"Tomorrow's Plan",IF(O47<TODAY(),"Completed","Not Yet")))) -> Completed | Q47: 46003 | R47: =IF(Q47="","Not Yet",IF(Q47=TODAY(),"Today Completed",IF(Q47=TODAY()+1,"Tomorrow's Plan",IF(Q47<TODAY(),"Completed","Not Yet")))) -> Completed | S47: 46116 | T47: =IF(S47="","Not Yet",IF(S47=TODAY(),"Today Completed",IF(S47=TODAY()+1,"Tomorrow's Plan",IF(S47<TODAY(),"Completed","Not Yet")))) -> Completed | U47: 46117 | V47: =IF(U47="","Not Yet",IF(U47=TODAY(),"Today Completed",IF(U47=TODAY()+1,"Tomorrow's Plan",IF(U47<TODAY(),"Completed","Not Yet")))) -> Completed | X47: =IF(W47="","Not Yet",IF(W47=TODAY(),"Today Completed",IF(W47=TODAY()+1,"Tomorrow's Plan",IF(W47<TODAY(),"Completed","Not Yet")))) -> Not Yet | Z47: =IF(Y47="","Not Yet",IF(Y47=TODAY(),"Today Completed",IF(Y47=TODAY()+1,"Tomorrow's Plan",IF(Y47<TODAY(),"Completed","Not Yet")))) -> Not Yet | AB47: =IF(AA47="","Not Yet",IF(AA47=TODAY(),"Today Completed",IF(AA47=TODAY()+1,"Tomorrow's Plan",IF(AA47<TODAY(),"Completed","Not Yet")))) -> Not Yet | AD47: =IF(AC47="","Not Yet",IF(AC47=TODAY(),"Today Completed",IF(AC47=TODAY()+1,"Tomorrow's Plan",IF(AC47<TODAY(),"Completed","Not Yet")))) -> Not Yet | AF47: =IF(AE47="","Not Yet",IF(AE47=TODAY(),"Today Completed",IF(AE47=TODAY()+1,"Tomorrow's Plan",IF(AE47<TODAY(),"Completed","Not Yet")))) -> Not Yet | AH47: =IF(AG47="","Not Yet",IF(AG47=TODAY(),"Today Completed",IF(AG47=TODAY()+1,"Tomorrow's Plan",IF(AG47<TODAY(),"Completed","Not Yet")))) -> Not Yet | AJ47: =IF(AI47="","Not Yet",IF(AI47=TODAY(),"Today Completed",IF(AI47=TODAY()+1,"Tomorrow's Plan",IF(AI47<TODAY(),"Completed","Not Yet")))) -> Not Yet | AL47: =IF(AK47="","Not Yet",IF(AK47=TODAY(),"Today Completed",IF(AK47=TODAY()+1,"Tomorrow's Plan",IF(AK47<TODAY(),"Completed","Not Yet")))) -> Not Yet | AM47: 4675 | AN47: 5.1 | AR47: =VLOOKUP(TOWER_LIST!B47,Spans!B:D,2,) -> 342 | AS47: =VLOOKUP(TOWER_LIST!B47,Spans!B:D,3,) -> 376 | AT47: =ROUND(AS47/AR47,2) -> 1.1 | AY47: SS | BA47: =IF(AZ47>0,3," ") | BC47: 1 | BD47: 1 | BE47: =IF(LEFT(C47,2)="BN","95-S","95-T") -> 95-S | BF47: 1 | BG47: 1 | BH47: =IF(LEFT(BE47,2)="18","JB"," " ) | BI47: =BE47 -> 95-S | BJ47: 1 | BK47: 1 | BL47: 2 | BM47: 0 | BO47: Step-1 | BT47: 15
AQ48: 342.79 | AX48: =IF(AQ48<700,"400/51","500/204") -> 400/51 | BB48: 7
A49: 17 | B49: 16 | C49: B60-3 | H49: 297232.3 | I49: 4685334.7 | J49: 103.194 | K49: =IF(O49=TODAY(),"Access Road",IF(Q49=TODAY(),"Soil Investigation",IF(S49=TODAY(),"Excavation",IF(U49=TODAY(),"Lean Concrete",IF(W49=TODAY(),"Stub Settings",IF(Y49=TODAY(),"Concrete",IF(AA49=TODAY(),"Backfilling",IF(AC49=TODAY(),"Ground Erection",IF(AE49=TODAY(),"Crane Erection",IF(AG49=TODAY(),"Conductor",IF(AI49=TODAY(),"EW",IF(AK49=TODAY(),"OPGW","")))))))))))) | L49: =IF(O49=TODAY()+1,"Access Road",IF(Q49=TODAY()+1,"Soil Investigation",IF(S49=TODAY()+1,"Excavation",IF(U49=TODAY()+1,"Lean Concrete",IF(W49=TODAY()+1,"Stub Settings",IF(Y49=TODAY()+1,"Concrete",IF(AA49=TODAY()+1,"Backfilling",IF(AC49=TODAY()+1,"Ground Erection",IF(AE49=TODAY()+1,"Crane Erection",IF(AG49=TODAY()+1,"Conductor",IF(AI49=TODAY()+1,"EW",IF(AK49=TODAY()+1,"OPGW","")))))))))))) | O49: 46117 | P49: =IF(O49="","Not Yet",IF(O49=TODAY(),"Today Completed",IF(O49=TODAY()+1,"Tomorrow's Plan",IF(O49<TODAY(),"Completed","Not Yet")))) -> Completed | Q49: 46003 | R49: =IF(Q49="","Not Yet",IF(Q49=TODAY(),"Today Completed",IF(Q49=TODAY()+1,"Tomorrow's Plan",IF(Q49<TODAY(),"Completed","Not Yet")))) -> Completed | T49: =IF(S49="","Not Yet",IF(S49=TODAY(),"Today Completed",IF(S49=TODAY()+1,"Tomorrow's Plan",IF(S49<TODAY(),"Completed","Not Yet")))) -> Not Yet | V49: =IF(U49="","Not Yet",IF(U49=TODAY(),"Today Completed",IF(U49=TODAY()+1,"Tomorrow's Plan",IF(U49<TODAY(),"Completed","Not Yet")))) -> Not Yet | X49: =IF(W49="","Not Yet",IF(W49=TODAY(),"Today Completed",IF(W49=TODAY()+1,"Tomorrow's Plan",IF(W49<TODAY(),"Completed","Not Yet")))) -> Not Yet | Z49: =IF(Y49="","Not Yet",IF(Y49=TODAY(),"Today Completed",IF(Y49=TODAY()+1,"Tomorrow's Plan",IF(Y49<TODAY(),"Completed","Not Yet")))) -> Not Yet | AB49: =IF(AA49="","Not Yet",IF(AA49=TODAY(),"Today Completed",IF(AA49=TODAY()+1,"Tomorrow's Plan",IF(AA49<TODAY(),"Completed","Not Yet")))) -> Not Yet | AD49: =IF(AC49="","Not Yet",IF(AC49=TODAY(),"Today Completed",IF(AC49=TODAY()+1,"Tomorrow's Plan",IF(AC49<TODAY(),"Completed","Not Yet")))) -> Not Yet | AF49: =IF(AE49="","Not Yet",IF(AE49=TODAY(),"Today Completed",IF(AE49=TODAY()+1,"Tomorrow's Plan",IF(AE49<TODAY(),"Completed","Not Yet")))) -> Not Yet | AH49: =IF(AG49="","Not Yet",IF(AG49=TODAY(),"Today Completed",IF(AG49=TODAY()+1,"Tomorrow's Plan",IF(AG49<TODAY(),"Completed","Not Yet")))) -> Not Yet | AJ49: =IF(AI49="","Not Yet",IF(AI49=TODAY(),"Today Completed",IF(AI49=TODAY()+1,"Tomorrow's Plan",IF(AI49<TODAY(),"Completed","Not Yet")))) -> Not Yet | AL49: =IF(AK49="","Not Yet",IF(AK49=TODAY(),"Today Completed",IF(AK49=TODAY()+1,"Tomorrow's Plan",IF(AK49<TODAY(),"Completed","Not Yet")))) -> Not Yet | AM49: 5017.79 | AN49: 3 | AO49: AP7 | AP49: 54.309 | AR49: =VLOOKUP(TOWER_LIST!B49,Spans!B:D,2,) -> 365 | AS49: =VLOOKUP(TOWER_LIST!B49,Spans!B:D,3,) -> 296 | AT49: =ROUND(AS49/AR49,2) -> 0.81 | AY49: 2T-2T | AZ49: 1 | BA49: =IF(AZ49>0,3," ") -> 3 | BC49: 1 | BD49: 1 | BE49: =IF(LEFT(C49,2)="BN","95-S","95-T") -> 95-T | BF49: 1 | BG49: 1 | BH49: =IF(LEFT(BE49,2)="18","JB"," " ) | BI49: =BE49 -> 95-T | BJ49: 1 | BK49: 1 | BL49: 2 | BM49: 0 | BO49: Step-1 | BT49: 16
AQ50: 387.21 | AU50: 11 | AV50: 367.77915 | AW50: 1091.3 | AX50: =IF(AQ50<700,"400/51","500/204") -> 400/51 | BB50: 8
A51: 18 | B51: 17 | C51: BNS+9 | H51: 297156.77 | I51: 4685714.4 | J51: 101.729 | K51: =IF(O51=TODAY(),"Access Road",IF(Q51=TODAY(),"Soil Investigation",IF(S51=TODAY(),"Excavation",IF(U51=TODAY(),"Lean Concrete",IF(W51=TODAY(),"Stub Settings",IF(Y51=TODAY(),"Concrete",IF(AA51=TODAY(),"Backfilling",IF(AC51=TODAY(),"Ground Erection",IF(AE51=TODAY(),"Crane Erection",IF(AG51=TODAY(),"Conductor",IF(AI51=TODAY(),"EW",IF(AK51=TODAY(),"OPGW","")))))))))))) | L51: =IF(O51=TODAY()+1,"Access Road",IF(Q51=TODAY()+1,"Soil Investigation",IF(S51=TODAY()+1,"Excavation",IF(U51=TODAY()+1,"Lean Concrete",IF(W51=TODAY()+1,"Stub Settings",IF(Y51=TODAY()+1,"Concrete",IF(AA51=TODAY()+1,"Backfilling",IF(AC51=TODAY()+1,"Ground Erection",IF(AE51=TODAY()+1,"Crane Erection",IF(AG51=TODAY()+1,"Conductor",IF(AI51=TODAY()+1,"EW",IF(AK51=TODAY()+1,"OPGW","")))))))))))) | O51: 46117 | P51: =IF(O51="","Not Yet",IF(O51=TODAY(),"Today Completed",IF(O51=TODAY()+1,"Tomorrow's Plan",IF(O51<TODAY(),"Completed","Not Yet")))) -> Completed | Q51: 46003 | R51: =IF(Q51="","Not Yet",IF(Q51=TODAY(),"Today Completed",IF(Q51=TODAY()+1,"Tomorrow's Plan",IF(Q51<TODAY(),"Completed","Not Yet")))) -> Completed | T51: =IF(S51="","Not Yet",IF(S51=TODAY(),"Today Completed",IF(S51=TODAY()+1,"Tomorrow's Plan",IF(S51<TODAY(),"Completed","Not Yet")))) -> Not Yet | V51: =IF(U51="","Not Yet",IF(U51=TODAY(),"Today Completed",IF(U51=TODAY()+1,"Tomorrow's Plan",IF(U51<TODAY(),"Completed","Not Yet")))) -> Not Yet | X51: =IF(W51="","Not Yet",IF(W51=TODAY(),"Today Completed",IF(W51=TODAY()+1,"Tomorrow's Plan",IF(W51<TODAY(),"Completed","Not Yet")))) -> Not Yet | Z51: =IF(Y51="","Not Yet",IF(Y51=TODAY(),"Today Completed",IF(Y51=TODAY()+1,"Tomorrow's Plan",IF(Y51<TODAY(),"Completed","Not Yet")))) -> Not Yet | AB51: =IF(AA51="","Not Yet",IF(AA51=TODAY(),"Today Completed",IF(AA51=TODAY()+1,"Tomorrow's Plan",IF(AA51<TODAY(),"Completed","Not Yet")))) -> Not Yet | AD51: =IF(AC51="","Not Yet",IF(AC51=TODAY(),"Today Completed",IF(AC51=TODAY()+1,"Tomorrow's Plan",IF(AC51<TODAY(),"Completed","Not Yet")))) -> Not Yet | AF51: =IF(AE51="","Not Yet",IF(AE51=TODAY(),"Today Completed",IF(AE51=TODAY()+1,"Tomorrow's Plan",IF(AE51<TODAY(),"Completed","Not Yet")))) -> Not Yet | AH51: =IF(AG51="","Not Yet",IF(AG51=TODAY(),"Today Completed",IF(AG51=TODAY()+1,"Tomorrow's Plan",IF(AG51<TODAY(),"Completed","Not Yet")))) -> Not Yet | AJ51: =IF(AI51="","Not Yet",IF(AI51=TODAY(),"Today Completed",IF(AI51=TODAY()+1,"Tomorrow's Plan",IF(AI51<TODAY(),"Completed","Not Yet")))) -> Not Yet | AL51: =IF(AK51="","Not Yet",IF(AK51=TODAY(),"Today Completed",IF(AK51=TODAY()+1,"Tomorrow's Plan",IF(AK51<TODAY(),"Completed","Not Yet")))) -> Not Yet | AM51: 5405 | AN51: 3 | AR51: =VLOOKUP(TOWER_LIST!B51,Spans!B:D,2,) -> 386 | AS51: =VLOOKUP(TOWER_LIST!B51,Spans!B:D,3,) -> 439 | AT51: =ROUND(AS51/AR51,2) -> 1.14 | AY51: SS | BA51: =IF(AZ51>0,3," ") | BC51: 1 | BD51: 1 | BE51: =IF(LEFT(C51,2)="BN","95-S","95-T") -> 95-S | BF51: 1 | BG51: 1 | BH51: =IF(LEFT(BE51,2)="18","JB"," " ) | BI51: =BE51 -> 95-S | BJ51: 1 | BK51: 1 | BL51: 2 | BM51: 0 | BO51: Step-1 | BS51: CW: 100 kg | BT51: 17
AQ52: 385 | AX52: =IF(AQ52<700,"400/51","500/204") -> 400/51 | BB52: 7 | BR52: STREAM
A53: 19 | B53: 18 | C53: BNS+9 | H53: 297081.67 | I53: 4686092 | J53: 102.407 | K53: =IF(O53=TODAY(),"Access Road",IF(Q53=TODAY(),"Soil Investigation",IF(S53=TODAY(),"Excavation",IF(U53=TODAY(),"Lean Concrete",IF(W53=TODAY(),"Stub Settings",IF(Y53=TODAY(),"Concrete",IF(AA53=TODAY(),"Backfilling",IF(AC53=TODAY(),"Ground Erection",IF(AE53=TODAY(),"Crane Erection",IF(AG53=TODAY(),"Conductor",IF(AI53=TODAY(),"EW",IF(AK53=TODAY(),"OPGW","")))))))))))) | L53: =IF(O53=TODAY()+1,"Access Road",IF(Q53=TODAY()+1,"Soil Investigation",IF(S53=TODAY()+1,"Excavation",IF(U53=TODAY()+1,"Lean Concrete",IF(W53=TODAY()+1,"Stub Settings",IF(Y53=TODAY()+1,"Concrete",IF(AA53=TODAY()+1,"Backfilling",IF(AC53=TODAY()+1,"Ground Erection",IF(AE53=TODAY()+1,"Crane Erection",IF(AG53=TODAY()+1,"Conductor",IF(AI53=TODAY()+1,"EW",IF(AK53=TODAY()+1,"OPGW","")))))))))))) | O53: 46117 | P53: =IF(O53="","Not Yet",IF(O53=TODAY(),"Today Completed",IF(O53=TODAY()+1,"Tomorrow's Plan",IF(O53<TODAY(),"Completed","Not Yet")))) -> Completed | Q53: 46003 | R53: =IF(Q53="","Not Yet",IF(Q53=TODAY(),"Today Completed",IF(Q53=TODAY()+1,"Tomorrow's Plan",IF(Q53<TODAY(),"Completed","Not Yet")))) -> Completed | T53: =IF(S53="","Not Yet",IF(S53=TODAY(),"Today Completed",IF(S53=TODAY()+1,"Tomorrow's Plan",IF(S53<TODAY(),"Completed","Not Yet")))) -> Not Yet | V53: =IF(U53="","Not Yet",IF(U53=TODAY(),"Today Completed",IF(U53=TODAY()+1,"Tomorrow's Plan",IF(U53<TODAY(),"Completed","Not Yet")))) -> Not Yet | X53: =IF(W53="","Not Yet",IF(W53=TODAY(),"Today Completed",IF(W53=TODAY()+1,"Tomorrow's Plan",IF(W53<TODAY(),"Completed","Not Yet")))) -> Not Yet | Z53: =IF(Y53="","Not Yet",IF(Y53=TODAY(),"Today Completed",IF(Y53=TODAY()+1,"Tomorrow's Plan",IF(Y53<TODAY(),"Completed","Not Yet")))) -> Not Yet | AB53: =IF(AA53="","Not Yet",IF(AA53=TODAY(),"Today Completed",IF(AA53=TODAY()+1,"Tomorrow's Plan",IF(AA53<TODAY(),"Completed","Not Yet")))) -> Not Yet | AD53: =IF(AC53="","Not Yet",IF(AC53=TODAY(),"Today Completed",IF(AC53=TODAY()+1,"Tomorrow's Plan",IF(AC53<TODAY(),"Completed","Not Yet")))) -> Not Yet | AF53: =IF(AE53="","Not Yet",IF(AE53=TODAY(),"Today Completed",IF(AE53=TODAY()+1,"Tomorrow's Plan",IF(AE53<TODAY(),"Completed","Not Yet")))) -> Not Yet | AH53: =IF(AG53="","Not Yet",IF(AG53=TODAY(),"Today Completed",IF(AG53=TODAY()+1,"Tomorrow's Plan",IF(AG53<TODAY(),"Completed","Not Yet")))) -> Not Yet | AJ53: =IF(AI53="","Not Yet",IF(AI53=TODAY(),"Today Completed",IF(AI53=TODAY()+1,"Tomorrow's Plan",IF(AI53<TODAY(),"Completed","Not Yet")))) -> Not Yet | AL53: =IF(AK53="","Not Yet",IF(AK53=TODAY(),"Today Completed",IF(AK53=TODAY()+1,"Tomorrow's Plan",IF(AK53<TODAY(),"Completed","Not Yet")))) -> Not Yet | AM53: 5790 | AN53: 4.1 | AR53: =VLOOKUP(TOWER_LIST!B53,Spans!B:D,2,) -> 352 | AS53: =VLOOKUP(TOWER_LIST!B53,Spans!B:D,3,) -> 396 | AT53: =ROUND(AS53/AR53,2) -> 1.13 | AY53: DS | BA53: =IF(AZ53>0,3," ") | BC53: 1 | BD53: 1 | BE53: =IF(LEFT(C53,2)="BN","95-S","95-T") -> 95-S | BF53: 1 | BG53: 1 | BH53: =IF(LEFT(BE53,2)="18","JB"," " ) | BI53: =BE53 -> 95-S | BJ53: 1 | BK53: 1 | BL53: 2 | BM53: 0 | BO53: Step-1 | BT53: 18
AQ54: 319.09 | AX54: =IF(AQ54<700,"400/51","500/204") -> 400/51 | BB54: 6 | BR54: ROAD
A55: 20 | B55: 19 | C55: B30-3 | H55: 297019.43 | I55: 4686405 | J55: 103.047 | K55: =IF(O55=TODAY(),"Access Road",IF(Q55=TODAY(),"Soil Investigation",IF(S55=TODAY(),"Excavation",IF(U55=TODAY(),"Lean Concrete",IF(W55=TODAY(),"Stub Settings",IF(Y55=TODAY(),"Concrete",IF(AA55=TODAY(),"Backfilling",IF(AC55=TODAY(),"Ground Erection",IF(AE55=TODAY(),"Crane Erection",IF(AG55=TODAY(),"Conductor",IF(AI55=TODAY(),"EW",IF(AK55=TODAY(),"OPGW","")))))))))))) | L55: =IF(O55=TODAY()+1,"Access Road",IF(Q55=TODAY()+1,"Soil Investigation",IF(S55=TODAY()+1,"Excavation",IF(U55=TODAY()+1,"Lean Concrete",IF(W55=TODAY()+1,"Stub Settings",IF(Y55=TODAY()+1,"Concrete",IF(AA55=TODAY()+1,"Backfilling",IF(AC55=TODAY()+1,"Ground Erection",IF(AE55=TODAY()+1,"Crane Erection",IF(AG55=TODAY()+1,"Conductor",IF(AI55=TODAY()+1,"EW",IF(AK55=TODAY()+1,"OPGW","")))))))))))) | P55: =IF(O55="","Not Yet",IF(O55=TODAY(),"Today Completed",IF(O55=TODAY()+1,"Tomorrow's Plan",IF(O55<TODAY(),"Completed","Not Yet")))) -> Not Yet | Q55: 46003 | R55: =IF(Q55="","Not Yet",IF(Q55=TODAY(),"Today Completed",IF(Q55=TODAY()+1,"Tomorrow's Plan",IF(Q55<TODAY(),"Completed","Not Yet")))) -> Completed | T55: =IF(S55="","Not Yet",IF(S55=TODAY(),"Today Completed",IF(S55=TODAY()+1,"Tomorrow's Plan",IF(S55<TODAY(),"Completed","Not Yet")))) -> Not Yet | V55: =IF(U55="","Not Yet",IF(U55=TODAY(),"Today Completed",IF(U55=TODAY()+1,"Tomorrow's Plan",IF(U55<TODAY(),"Completed","Not Yet")))) -> Not Yet | X55: =IF(W55="","Not Yet",IF(W55=TODAY(),"Today Completed",IF(W55=TODAY()+1,"Tomorrow's Plan",IF(W55<TODAY(),"Completed","Not Yet")))) -> Not Yet | Z55: =IF(Y55="","Not Yet",IF(Y55=TODAY(),"Today Completed",IF(Y55=TODAY()+1,"Tomorrow's Plan",IF(Y55<TODAY(),"Completed","Not Yet")))) -> Not Yet | AB55: =IF(AA55="","Not Yet",IF(AA55=TODAY(),"Today Completed",IF(AA55=TODAY()+1,"Tomorrow's Plan",IF(AA55<TODAY(),"Completed","Not Yet")))) -> Not Yet | AD55: =IF(AC55="","Not Yet",IF(AC55=TODAY(),"Today Completed",IF(AC55=TODAY()+1,"Tomorrow's Plan",IF(AC55<TODAY(),"Completed","Not Yet")))) -> Not Yet | AF55: =IF(AE55="","Not Yet",IF(AE55=TODAY(),"Today Completed",IF(AE55=TODAY()+1,"Tomorrow's Plan",IF(AE55<TODAY(),"Completed","Not Yet")))) -> Not Yet | AH55: =IF(AG55="","Not Yet",IF(AG55=TODAY(),"Today Completed",IF(AG55=TODAY()+1,"Tomorrow's Plan",IF(AG55<TODAY(),"Completed","Not Yet")))) -> Not Yet | AJ55: =IF(AI55="","Not Yet",IF(AI55=TODAY(),"Today Completed",IF(AI55=TODAY()+1,"Tomorrow's Plan",IF(AI55<TODAY(),"Completed","Not Yet")))) -> Not Yet | AL55: =IF(AK55="","Not Yet",IF(AK55=TODAY(),"Today Completed",IF(AK55=TODAY()+1,"Tomorrow's Plan",IF(AK55<TODAY(),"Completed","Not Yet")))) -> Not Yet | AM55: 6109.09 | AN55: 4.1 | AO55: AP8 | AP55: -17.6138 | AR55: =VLOOKUP(TOWER_LIST!B55,Spans!B:D,2,) -> 325 | AS55: =VLOOKUP(TOWER_LIST!B55,Spans!B:D,3,) -> 262 | AT55: =ROUND(AS55/AR55,2) -> 0.81 | AY55: 2T-2T | AZ55: 2 | BA55: =IF(AZ55>0,3," ") -> 3 | BC55: 1 | BD55: 1 | BE55: =IF(LEFT(C55,2)="BN","95-S","95-T") -> 95-T | BF55: 1 | BG55: 1 | BH55: JB | BI55: =BE55 -> 95-T | BJ55: 1 | BK55: 1 | BL55: 2 | BM55: 0 | BO55: Step-1 | BT55: 19
AQ56: 330.91 | AU56: 12 | AV56: 349.23378 | AW56: 695.96 | AX56: =IF(AQ56<700,"400/51","500/204") -> 400/51 | BB56: 7
A57: 21 | B57: 20 | C57: BNS+3 | H57: 296859.7 | I57: 4686694.8 | J57: 104.096 | K57: =IF(O57=TODAY(),"Access Road",IF(Q57=TODAY(),"Soil Investigation",IF(S57=TODAY(),"Excavation",IF(U57=TODAY(),"Lean Concrete",IF(W57=TODAY(),"Stub Settings",IF(Y57=TODAY(),"Concrete",IF(AA57=TODAY(),"Backfilling",IF(AC57=TODAY(),"Ground Erection",IF(AE57=TODAY(),"Crane Erection",IF(AG57=TODAY(),"Conductor",IF(AI57=TODAY(),"EW",IF(AK57=TODAY(),"OPGW","")))))))))))) | L57: =IF(O57=TODAY()+1,"Access Road",IF(Q57=TODAY()+1,"Soil Investigation",IF(S57=TODAY()+1,"Excavation",IF(U57=TODAY()+1,"Lean Concrete",IF(W57=TODAY()+1,"Stub Settings",IF(Y57=TODAY()+1,"Concrete",IF(AA57=TODAY()+1,"Backfilling",IF(AC57=TODAY()+1,"Ground Erection",IF(AE57=TODAY()+1,"Crane Erection",IF(AG57=TODAY()+1,"Conductor",IF(AI57=TODAY()+1,"EW",IF(AK57=TODAY()+1,"OPGW","")))))))))))) | P57: =IF(O57="","Not Yet",IF(O57=TODAY(),"Today Completed",IF(O57=TODAY()+1,"Tomorrow's Plan",IF(O57<TODAY(),"Completed","Not Yet")))) -> Not Yet | Q57: 46003 | R57: =IF(Q57="","Not Yet",IF(Q57=TODAY(),"Today Completed",IF(Q57=TODAY()+1,"Tomorrow's Plan",IF(Q57<TODAY(),"Completed","Not Yet")))) -> Completed | T57: =IF(S57="","Not Yet",IF(S57=TODAY(),"Today Completed",IF(S57=TODAY()+1,"Tomorrow's Plan",IF(S57<TODAY(),"Completed","Not Yet")))) -> Not Yet | V57: =IF(U57="","Not Yet",IF(U57=TODAY(),"Today Completed",IF(U57=TODAY()+1,"Tomorrow's Plan",IF(U57<TODAY(),"Completed","Not Yet")))) -> Not Yet | X57: =IF(W57="","Not Yet",IF(W57=TODAY(),"Today Completed",IF(W57=TODAY()+1,"Tomorrow's Plan",IF(W57<TODAY(),"Completed","Not Yet")))) -> Not Yet | Z57: =IF(Y57="","Not Yet",IF(Y57=TODAY(),"Today Completed",IF(Y57=TODAY()+1,"Tomorrow's Plan",IF(Y57<TODAY(),"Completed","Not Yet")))) -> Not Yet | AB57: =IF(AA57="","Not Yet",IF(AA57=TODAY(),"Today Completed",IF(AA57=TODAY()+1,"Tomorrow's Plan",IF(AA57<TODAY(),"Completed","Not Yet")))) -> Not Yet | AD57: =IF(AC57="","Not Yet",IF(AC57=TODAY(),"Today Completed",IF(AC57=TODAY()+1,"Tomorrow's Plan",IF(AC57<TODAY(),"Completed","Not Yet")))) -> Not Yet | AF57: =IF(AE57="","Not Yet",IF(AE57=TODAY(),"Today Completed",IF(AE57=TODAY()+1,"Tomorrow's Plan",IF(AE57<TODAY(),"Completed","Not Yet")))) -> Not Yet | AH57: =IF(AG57="","Not Yet",IF(AG57=TODAY(),"Today Completed",IF(AG57=TODAY()+1,"Tomorrow's Plan",IF(AG57<TODAY(),"Completed","Not Yet")))) -> Not Yet | AJ57: =IF(AI57="","Not Yet",IF(AI57=TODAY(),"Today Completed",IF(AI57=TODAY()+1,"Tomorrow's Plan",IF(AI57<TODAY(),"Completed","Not Yet")))) -> Not Yet | AL57: =IF(AK57="","Not Yet",IF(AK57=TODAY(),"Today Completed",IF(AK57=TODAY()+1,"Tomorrow's Plan",IF(AK57<TODAY(),"Completed","Not Yet")))) -> Not Yet | AM57: 6440 | AN57: 5.1 | AR57: =VLOOKUP(TOWER_LIST!B57,Spans!B:D,2,) -> 348 | AS57: =VLOOKUP(TOWER_LIST!B57,Spans!B:D,3,) -> 385 | AT57: =ROUND(AS57/AR57,2) -> 1.11 | AY57: DS | BA57: =IF(AZ57>0,3," ") | BC57: 1 | BD57: 1 | BE57: =IF(LEFT(C57,2)="BN","95-S","95-T") -> 95-S | BF57: 1 | BG57: 1 | BH57: =IF(LEFT(BE57,2)="18","JB"," " ) | BI57: =BE57 -> 95-S | BJ57: 1 | BK57: 1 | BL57: 2 | BM57: 0 | BO57: Step-1 | BT57: 20
AQ58: 365.05 | AX58: =IF(AQ58<700,"400/51","500/204") -> 400/51 | BB58: 7 | BR58: MV OHDL
A59: 22 | B59: 21 | C59: B30-3 | H59: 296683.49 | I59: 4687014.5 | J59: 106.855 | K59: =IF(O59=TODAY(),"Access Road",IF(Q59=TODAY(),"Soil Investigation",IF(S59=TODAY(),"Excavation",IF(U59=TODAY(),"Lean Concrete",IF(W59=TODAY(),"Stub Settings",IF(Y59=TODAY(),"Concrete",IF(AA59=TODAY(),"Backfilling",IF(AC59=TODAY(),"Ground Erection",IF(AE59=TODAY(),"Crane Erection",IF(AG59=TODAY(),"Conductor",IF(AI59=TODAY(),"EW",IF(AK59=TODAY(),"OPGW","")))))))))))) | L59: =IF(O59=TODAY()+1,"Access Road",IF(Q59=TODAY()+1,"Soil Investigation",IF(S59=TODAY()+1,"Excavation",IF(U59=TODAY()+1,"Lean Concrete",IF(W59=TODAY()+1,"Stub Settings",IF(Y59=TODAY()+1,"Concrete",IF(AA59=TODAY()+1,"Backfilling",IF(AC59=TODAY()+1,"Ground Erection",IF(AE59=TODAY()+1,"Crane Erection",IF(AG59=TODAY()+1,"Conductor",IF(AI59=TODAY()+1,"EW",IF(AK59=TODAY()+1,"OPGW","")))))))))))) | P59: =IF(O59="","Not Yet",IF(O59=TODAY(),"Today Completed",IF(O59=TODAY()+1,"Tomorrow's Plan",IF(O59<TODAY(),"Completed","Not Yet")))) -> Not Yet | Q59: 46003 | R59: =IF(Q59="","Not Yet",IF(Q59=TODAY(),"Today Completed",IF(Q59=TODAY()+1,"Tomorrow's Plan",IF(Q59<TODAY(),"Completed","Not Yet")))) -> Completed | T59: =IF(S59="","Not Yet",IF(S59=TODAY(),"Today Completed",IF(S59=TODAY()+1,"Tomorrow's Plan",IF(S59<TODAY(),"Completed","Not Yet")))) -> Not Yet | V59: =IF(U59="","Not Yet",IF(U59=TODAY(),"Today Completed",IF(U59=TODAY()+1,"Tomorrow's Plan",IF(U59<TODAY(),"Completed","Not Yet")))) -> Not Yet | X59: =IF(W59="","Not Yet",IF(W59=TODAY(),"Today Completed",IF(W59=TODAY()+1,"Tomorrow's Plan",IF(W59<TODAY(),"Completed","Not Yet")))) -> Not Yet | Z59: =IF(Y59="","Not Yet",IF(Y59=TODAY(),"Today Completed",IF(Y59=TODAY()+1,"Tomorrow's Plan",IF(Y59<TODAY(),"Completed","Not Yet")))) -> Not Yet | AB59: =IF(AA59="","Not Yet",IF(AA59=TODAY(),"Today Completed",IF(AA59=TODAY()+1,"Tomorrow's Plan",IF(AA59<TODAY(),"Completed","Not Yet")))) -> Not Yet | AD59: =IF(AC59="","Not Yet",IF(AC59=TODAY(),"Today Completed",IF(AC59=TODAY()+1,"Tomorrow's Plan",IF(AC59<TODAY(),"Completed","Not Yet")))) -> Not Yet | AF59: =IF(AE59="","Not Yet",IF(AE59=TODAY(),"Today Completed",IF(AE59=TODAY()+1,"Tomorrow's Plan",IF(AE59<TODAY(),"Completed","Not Yet")))) -> Not Yet | AH59: =IF(AG59="","Not Yet",IF(AG59=TODAY(),"Today Completed",IF(AG59=TODAY()+1,"Tomorrow's Plan",IF(AG59<TODAY(),"Completed","Not Yet")))) -> Not Yet | AJ59: =IF(AI59="","Not Yet",IF(AI59=TODAY(),"Today Completed",IF(AI59=TODAY()+1,"Tomorrow's Plan",IF(AI59<TODAY(),"Completed","Not Yet")))) -> Not Yet | AL59: =IF(AK59="","Not Yet",IF(AK59=TODAY(),"Today Completed",IF(AK59=TODAY()+1,"Tomorrow's Plan",IF(AK59<TODAY(),"Completed","Not Yet")))) -> Not Yet | AM59: 6805.05 | AN59: 3 | AO59: AP9 | AP59: 13.4196 | AR59: =VLOOKUP(TOWER_LIST!B59,Spans!B:D,2,) -> 388 | AS59: =VLOOKUP(TOWER_LIST!B59,Spans!B:D,3,) -> 331 | AT59: =ROUND(AS59/AR59,2) -> 0.85 | AY59: 2T-2T | AZ59: 1 | BA59: =IF(AZ59>0,3," ") -> 3 | BC59: 1 | BD59: 1 | BE59: =IF(LEFT(C59,2)="BN","95-S","95-T") -> 95-T | BF59: 1 | BG59: 1 | BH59: =IF(LEFT(BE59,2)="18","JB"," " ) | BI59: =BE59 -> 95-T | BJ59: 1 | BK59: 1 | BL59: 2 | BM59: 0 | BO59: Step-1 | BT59: 21
AQ60: 409.95 | AU60: 13 | AV60: 420.3338 | AW60: 839.95 | AX60: =IF(AQ60<700,"400/51","500/204") -> 400/51 | BB60: 8
A61: 23 | B61: 22 | C61: BNS+12 | H61: 296574.33 | I61: 4687409.7 | J61: 108.497 | K61: =IF(O61=TODAY(),"Access Road",IF(Q61=TODAY(),"Soil Investigation",IF(S61=TODAY(),"Excavation",IF(U61=TODAY(),"Lean Concrete",IF(W61=TODAY(),"Stub Settings",IF(Y61=TODAY(),"Concrete",IF(AA61=TODAY(),"Backfilling",IF(AC61=TODAY(),"Ground Erection",IF(AE61=TODAY(),"Crane Erection",IF(AG61=TODAY(),"Conductor",IF(AI61=TODAY(),"EW",IF(AK61=TODAY(),"OPGW","")))))))))))) | L61: =IF(O61=TODAY()+1,"Access Road",IF(Q61=TODAY()+1,"Soil Investigation",IF(S61=TODAY()+1,"Excavation",IF(U61=TODAY()+1,"Lean Concrete",IF(W61=TODAY()+1,"Stub Settings",IF(Y61=TODAY()+1,"Concrete",IF(AA61=TODAY()+1,"Backfilling",IF(AC61=TODAY()+1,"Ground Erection",IF(AE61=TODAY()+1,"Crane Erection",IF(AG61=TODAY()+1,"Conductor",IF(AI61=TODAY()+1,"EW",IF(AK61=TODAY()+1,"OPGW","")))))))))))) | P61: =IF(O61="","Not Yet",IF(O61=TODAY(),"Today Completed",IF(O61=TODAY()+1,"Tomorrow's Plan",IF(O61<TODAY(),"Completed","Not Yet")))) -> Not Yet | Q61: 46003 | R61: =IF(Q61="","Not Yet",IF(Q61=TODAY(),"Today Completed",IF(Q61=TODAY()+1,"Tomorrow's Plan",IF(Q61<TODAY(),"Completed","Not Yet")))) -> Completed | T61: =IF(S61="","Not Yet",IF(S61=TODAY(),"Today Completed",IF(S61=TODAY()+1,"Tomorrow's Plan",IF(S61<TODAY(),"Completed","Not Yet")))) -> Not Yet | V61: =IF(U61="","Not Yet",IF(U61=TODAY(),"Today Completed",IF(U61=TODAY()+1,"Tomorrow's Plan",IF(U61<TODAY(),"Completed","Not Yet")))) -> Not Yet | X61: =IF(W61="","Not Yet",IF(W61=TODAY(),"Today Completed",IF(W61=TODAY()+1,"Tomorrow's Plan",IF(W61<TODAY(),"Completed","Not Yet")))) -> Not Yet | Z61: =IF(Y61="","Not Yet",IF(Y61=TODAY(),"Today Completed",IF(Y61=TODAY()+1,"Tomorrow's Plan",IF(Y61<TODAY(),"Completed","Not Yet")))) -> Not Yet | AB61: =IF(AA61="","Not Yet",IF(AA61=TODAY(),"Today Completed",IF(AA61=TODAY()+1,"Tomorrow's Plan",IF(AA61<TODAY(),"Completed","Not Yet")))) -> Not Yet | AD61: =IF(AC61="","Not Yet",IF(AC61=TODAY(),"Today Completed",IF(AC61=TODAY()+1,"Tomorrow's Plan",IF(AC61<TODAY(),"Completed","Not Yet")))) -> Not Yet | AF61: =IF(AE61="","Not Yet",IF(AE61=TODAY(),"Today Completed",IF(AE61=TODAY()+1,"Tomorrow's Plan",IF(AE61<TODAY(),"Completed","Not Yet")))) -> Not Yet | AH61: =IF(AG61="","Not Yet",IF(AG61=TODAY(),"Today Completed",IF(AG61=TODAY()+1,"Tomorrow's Plan",IF(AG61<TODAY(),"Completed","Not Yet")))) -> Not Yet | AJ61: =IF(AI61="","Not Yet",IF(AI61=TODAY(),"Today Completed",IF(AI61=TODAY()+1,"Tomorrow's Plan",IF(AI61<TODAY(),"Completed","Not Yet")))) -> Not Yet | AL61: =IF(AK61="","Not Yet",IF(AK61=TODAY(),"Today Completed",IF(AK61=TODAY()+1,"Tomorrow's Plan",IF(AK61<TODAY(),"Completed","Not Yet")))) -> Not Yet | AM61: 7215 | AN61: 5.1 | AR61: =VLOOKUP(TOWER_LIST!B61,Spans!B:D,2,) -> 420 | AS61: =VLOOKUP(TOWER_LIST!B61,Spans!B:D,3,) -> 474 | AT61: =ROUND(AS61/AR61,2) -> 1.13 | AY61: SS | BA61: =IF(AZ61>0,3," ") | BC61: 1 | BD61: 1 | BE61: =IF(LEFT(C61,2)="BN","95-S","95-T") -> 95-S | BF61: 1 | BG61: 1 | BH61: =IF(LEFT(BE61,2)="18","JB"," " ) | BI61: =BE61 -> 95-S | BJ61: 1 | BK61: 1 | BL61: 2 | BM61: 0 | BO61: Step-1 | BT61: 22
AQ62: 430 | AX62: =IF(AQ62<700,"400/51","500/204") -> 400/51 | BB62: 8
A63: 24 | B63: 23 | C63: B30-3 | H63: 296459.83 | I63: 4687824.1 | J63: 122.386 | K63: =IF(O63=TODAY(),"Access Road",IF(Q63=TODAY(),"Soil Investigation",IF(S63=TODAY(),"Excavation",IF(U63=TODAY(),"Lean Concrete",IF(W63=TODAY(),"Stub Settings",IF(Y63=TODAY(),"Concrete",IF(AA63=TODAY(),"Backfilling",IF(AC63=TODAY(),"Ground Erection",IF(AE63=TODAY(),"Crane Erection",IF(AG63=TODAY(),"Conductor",IF(AI63=TODAY(),"EW",IF(AK63=TODAY(),"OPGW","")))))))))))) | L63: =IF(O63=TODAY()+1,"Access Road",IF(Q63=TODAY()+1,"Soil Investigation",IF(S63=TODAY()+1,"Excavation",IF(U63=TODAY()+1,"Lean Concrete",IF(W63=TODAY()+1,"Stub Settings",IF(Y63=TODAY()+1,"Concrete",IF(AA63=TODAY()+1,"Backfilling",IF(AC63=TODAY()+1,"Ground Erection",IF(AE63=TODAY()+1,"Crane Erection",IF(AG63=TODAY()+1,"Conductor",IF(AI63=TODAY()+1,"EW",IF(AK63=TODAY()+1,"OPGW","")))))))))))) | P63: =IF(O63="","Not Yet",IF(O63=TODAY(),"Today Completed",IF(O63=TODAY()+1,"Tomorrow's Plan",IF(O63<TODAY(),"Completed","Not Yet")))) -> Not Yet | Q63: 46003 | R63: =IF(Q63="","Not Yet",IF(Q63=TODAY(),"Today Completed",IF(Q63=TODAY()+1,"Tomorrow's Plan",IF(Q63<TODAY(),"Completed","Not Yet")))) -> Completed | T63: =IF(S63="","Not Yet",IF(S63=TODAY(),"Today Completed",IF(S63=TODAY()+1,"Tomorrow's Plan",IF(S63<TODAY(),"Completed","Not Yet")))) -> Not Yet | V63: =IF(U63="","Not Yet",IF(U63=TODAY(),"Today Completed",IF(U63=TODAY()+1,"Tomorrow's Plan",IF(U63<TODAY(),"Completed","Not Yet")))) -> Not Yet | X63: =IF(W63="","Not Yet",IF(W63=TODAY(),"Today Completed",IF(W63=TODAY()+1,"Tomorrow's Plan",IF(W63<TODAY(),"Completed","Not Yet")))) -> Not Yet | Z63: =IF(Y63="","Not Yet",IF(Y63=TODAY(),"Today Completed",IF(Y63=TODAY()+1,"Tomorrow's Plan",IF(Y63<TODAY(),"Completed","Not Yet")))) -> Not Yet | AB63: =IF(AA63="","Not Yet",IF(AA63=TODAY(),"Today Completed",IF(AA63=TODAY()+1,"Tomorrow's Plan",IF(AA63<TODAY(),"Completed","Not Yet")))) -> Not Yet | AD63: =IF(AC63="","Not Yet",IF(AC63=TODAY(),"Today Completed",IF(AC63=TODAY()+1,"Tomorrow's Plan",IF(AC63<TODAY(),"Completed","Not Yet")))) -> Not Yet | AF63: =IF(AE63="","Not Yet",IF(AE63=TODAY(),"Today Completed",IF(AE63=TODAY()+1,"Tomorrow's Plan",IF(AE63<TODAY(),"Completed","Not Yet")))) -> Not Yet | AH63: =IF(AG63="","Not Yet",IF(AG63=TODAY(),"Today Completed",IF(AG63=TODAY()+1,"Tomorrow's Plan",IF(AG63<TODAY(),"Completed","Not Yet")))) -> Not Yet | AJ63: =IF(AI63="","Not Yet",IF(AI63=TODAY(),"Today Completed",IF(AI63=TODAY()+1,"Tomorrow's Plan",IF(AI63<TODAY(),"Completed","Not Yet")))) -> Not Yet | AL63: =IF(AK63="","Not Yet",IF(AK63=TODAY(),"Today Completed",IF(AK63=TODAY()+1,"Tomorrow's Plan",IF(AK63<TODAY(),"Completed","Not Yet")))) -> Not Yet | AM63: 7645 | AN63: 3 | AR63: =VLOOKUP(TOWER_LIST!B63,Spans!B:D,2,) -> 428 | AS63: =VLOOKUP(TOWER_LIST!B63,Spans!B:D,3,) -> 362 | AT63: =ROUND(AS63/AR63,2) -> 0.85 | AY63: 2T-2T | AZ63: 3 | BA63: =IF(AZ63>0,3," ") -> 3 | BC63: 1 | BD63: 1 | BE63: =IF(LEFT(C63,2)="BN","95-S","95-T") -> 95-T | BF63: 1 | BG63: 1 | BH63: =IF(LEFT(BE63,2)="18","JB"," " ) | BI63: =BE63 -> 95-T | BJ63: 1 | BK63: 1 | BL63: 2 | BM63: 0 | BO63: Step-1 | BT63: 23
AQ64: 425 | AU64: 14 | AV64: 402.37631 | AW64: 1197.29 | AX64: =IF(AQ64<700,"400/51","500/204") -> 400/51 | BB64: 8
A65: 25 | B65: 24 | C65: BNS+6 | H65: 296346.67 | I65: 4688233.8 | J65: 136.676 | K65: =IF(O65=TODAY(),"Access Road",IF(Q65=TODAY(),"Soil Investigation",IF(S65=TODAY(),"Excavation",IF(U65=TODAY(),"Lean Concrete",IF(W65=TODAY(),"Stub Settings",IF(Y65=TODAY(),"Concrete",IF(AA65=TODAY(),"Backfilling",IF(AC65=TODAY(),"Ground Erection",IF(AE65=TODAY(),"Crane Erection",IF(AG65=TODAY(),"Conductor",IF(AI65=TODAY(),"EW",IF(AK65=TODAY(),"OPGW","")))))))))))) | L65: =IF(O65=TODAY()+1,"Access Road",IF(Q65=TODAY()+1,"Soil Investigation",IF(S65=TODAY()+1,"Excavation",IF(U65=TODAY()+1,"Lean Concrete",IF(W65=TODAY()+1,"Stub Settings",IF(Y65=TODAY()+1,"Concrete",IF(AA65=TODAY()+1,"Backfilling",IF(AC65=TODAY()+1,"Ground Erection",IF(AE65=TODAY()+1,"Crane Erection",IF(AG65=TODAY()+1,"Conductor",IF(AI65=TODAY()+1,"EW",IF(AK65=TODAY()+1,"OPGW","")))))))))))) | P65: =IF(O65="","Not Yet",IF(O65=TODAY(),"Today Completed",IF(O65=TODAY()+1,"Tomorrow's Plan",IF(O65<TODAY(),"Completed","Not Yet")))) -> Not Yet | Q65: 46003 | R65: =IF(Q65="","Not Yet",IF(Q65=TODAY(),"Today Completed",IF(Q65=TODAY()+1,"Tomorrow's Plan",IF(Q65<TODAY(),"Completed","Not Yet")))) -> Completed | T65: =IF(S65="","Not Yet",IF(S65=TODAY(),"Today Completed",IF(S65=TODAY()+1,"Tomorrow's Plan",IF(S65<TODAY(),"Completed","Not Yet")))) -> Not Yet | V65: =IF(U65="","Not Yet",IF(U65=TODAY(),"Today Completed",IF(U65=TODAY()+1,"Tomorrow's Plan",IF(U65<TODAY(),"Completed","Not Yet")))) -> Not Yet | X65: =IF(W65="","Not Yet",IF(W65=TODAY(),"Today Completed",IF(W65=TODAY()+1,"Tomorrow's Plan",IF(W65<TODAY(),"Completed","Not Yet")))) -> Not Yet | Z65: =IF(Y65="","Not Yet",IF(Y65=TODAY(),"Today Completed",IF(Y65=TODAY()+1,"Tomorrow's Plan",IF(Y65<TODAY(),"Completed","Not Yet")))) -> Not Yet | AB65: =IF(AA65="","Not Yet",IF(AA65=TODAY(),"Today Completed",IF(AA65=TODAY()+1,"Tomorrow's Plan",IF(AA65<TODAY(),"Completed","Not Yet")))) -> Not Yet | AD65: =IF(AC65="","Not Yet",IF(AC65=TODAY(),"Today Completed",IF(AC65=TODAY()+1,"Tomorrow's Plan",IF(AC65<TODAY(),"Completed","Not Yet")))) -> Not Yet | AF65: =IF(AE65="","Not Yet",IF(AE65=TODAY(),"Today Completed",IF(AE65=TODAY()+1,"Tomorrow's Plan",IF(AE65<TODAY(),"Completed","Not Yet")))) -> Not Yet | AH65: =IF(AG65="","Not Yet",IF(AG65=TODAY(),"Today Completed",IF(AG65=TODAY()+1,"Tomorrow's Plan",IF(AG65<TODAY(),"Completed","Not Yet")))) -> Not Yet | AJ65: =IF(AI65="","Not Yet",IF(AI65=TODAY(),"Today Completed",IF(AI65=TODAY()+1,"Tomorrow's Plan",IF(AI65<TODAY(),"Completed","Not Yet")))) -> Not Yet | AL65: =IF(AK65="","Not Yet",IF(AK65=TODAY(),"Today Completed",IF(AK65=TODAY()+1,"Tomorrow's Plan",IF(AK65<TODAY(),"Completed","Not Yet")))) -> Not Yet | AM65: 8070 | AN65: 3 | AR65: =VLOOKUP(TOWER_LIST!B65,Spans!B:D,2,) -> 420 | AS65: =VLOOKUP(TOWER_LIST!B65,Spans!B:D,3,) -> 476 | AT65: =ROUND(AS65/AR65,2) -> 1.13 | AY65: SS | BA65: =IF(AZ65>0,3," ") | BC65: 1 | BD65: 1 | BE65: =IF(LEFT(C65,2)="BN","95-S","95-T") -> 95-S | BF65: 1 | BG65: 1 | BH65: =IF(LEFT(BE65,2)="18","JB"," " ) | BI65: =BE65 -> 95-S | BJ65: 1 | BK65: 1 | BL65: 2 | BM65: 0 | BO65: Step-1 | BT65: 24
AQ66: 415 | AX66: =IF(AQ66<700,"400/51","500/204") -> 400/51 | BB66: 8 | BR66: TRACK
A67: 26 | B67: 25 | C67: BNS+3 | H67: 296236.16 | I67: 4688633.8 | J67: 143.401 | K67: =IF(O67=TODAY(),"Access Road",IF(Q67=TODAY(),"Soil Investigation",IF(S67=TODAY(),"Excavation",IF(U67=TODAY(),"Lean Concrete",IF(W67=TODAY(),"Stub Settings",IF(Y67=TODAY(),"Concrete",IF(AA67=TODAY(),"Backfilling",IF(AC67=TODAY(),"Ground Erection",IF(AE67=TODAY(),"Crane Erection",IF(AG67=TODAY(),"Conductor",IF(AI67=TODAY(),"EW",IF(AK67=TODAY(),"OPGW","")))))))))))) | L67: =IF(O67=TODAY()+1,"Access Road",IF(Q67=TODAY()+1,"Soil Investigation",IF(S67=TODAY()+1,"Excavation",IF(U67=TODAY()+1,"Lean Concrete",IF(W67=TODAY()+1,"Stub Settings",IF(Y67=TODAY()+1,"Concrete",IF(AA67=TODAY()+1,"Backfilling",IF(AC67=TODAY()+1,"Ground Erection",IF(AE67=TODAY()+1,"Crane Erection",IF(AG67=TODAY()+1,"Conductor",IF(AI67=TODAY()+1,"EW",IF(AK67=TODAY()+1,"OPGW","")))))))))))) | P67: =IF(O67="","Not Yet",IF(O67=TODAY(),"Today Completed",IF(O67=TODAY()+1,"Tomorrow's Plan",IF(O67<TODAY(),"Completed","Not Yet")))) -> Not Yet | Q67: 46003 | R67: =IF(Q67="","Not Yet",IF(Q67=TODAY(),"Today Completed",IF(Q67=TODAY()+1,"Tomorrow's Plan",IF(Q67<TODAY(),"Completed","Not Yet")))) -> Completed | T67: =IF(S67="","Not Yet",IF(S67=TODAY(),"Today Completed",IF(S67=TODAY()+1,"Tomorrow's Plan",IF(S67<TODAY(),"Completed","Not Yet")))) -> Not Yet | V67: =IF(U67="","Not Yet",IF(U67=TODAY(),"Today Completed",IF(U67=TODAY()+1,"Tomorrow's Plan",IF(U67<TODAY(),"Completed","Not Yet")))) -> Not Yet | X67: =IF(W67="","Not Yet",IF(W67=TODAY(),"Today Completed",IF(W67=TODAY()+1,"Tomorrow's Plan",IF(W67<TODAY(),"Completed","Not Yet")))) -> Not Yet | Z67: =IF(Y67="","Not Yet",IF(Y67=TODAY(),"Today Completed",IF(Y67=TODAY()+1,"Tomorrow's Plan",IF(Y67<TODAY(),"Completed","Not Yet")))) -> Not Yet | AB67: =IF(AA67="","Not Yet",IF(AA67=TODAY(),"Today Completed",IF(AA67=TODAY()+1,"Tomorrow's Plan",IF(AA67<TODAY(),"Completed","Not Yet")))) -> Not Yet | AD67: =IF(AC67="","Not Yet",IF(AC67=TODAY(),"Today Completed",IF(AC67=TODAY()+1,"Tomorrow's Plan",IF(AC67<TODAY(),"Completed","Not Yet")))) -> Not Yet | AF67: =IF(AE67="","Not Yet",IF(AE67=TODAY(),"Today Completed",IF(AE67=TODAY()+1,"Tomorrow's Plan",IF(AE67<TODAY(),"Completed","Not Yet")))) -> Not Yet | AH67: =IF(AG67="","Not Yet",IF(AG67=TODAY(),"Today Completed",IF(AG67=TODAY()+1,"Tomorrow's Plan",IF(AG67<TODAY(),"Completed","Not Yet")))) -> Not Yet | AJ67: =IF(AI67="","Not Yet",IF(AI67=TODAY(),"Today Completed",IF(AI67=TODAY()+1,"Tomorrow's Plan",IF(AI67<TODAY(),"Completed","Not Yet")))) -> Not Yet | AL67: =IF(AK67="","Not Yet",IF(AK67=TODAY(),"Today Completed",IF(AK67=TODAY()+1,"Tomorrow's Plan",IF(AK67<TODAY(),"Completed","Not Yet")))) -> Not Yet | AM67: 8485 | AN67: 4.1 | AR67: =VLOOKUP(TOWER_LIST!B67,Spans!B:D,2,) -> 386 | AS67: =VLOOKUP(TOWER_LIST!B67,Spans!B:D,3,) -> 456 | AT67: =ROUND(AS67/AR67,2) -> 1.18 | AY67: SS | BA67: =IF(AZ67>0,3," ") | BC67: 1 | BD67: 1 | BE67: =IF(LEFT(C67,2)="BN","95-S","95-T") -> 95-S | BF67: 1 | BG67: 1 | BH67: =IF(LEFT(BE67,2)="18","JB"," " ) | BI67: =BE67 -> 95-S | BJ67: 1 | BK67: 1 | BL67: 2 | BM67: 0 | BO67: Step-1 | BT67: 25
AQ68: 357.29 | AX68: =IF(AQ68<700,"400/51","500/204") -> 400/51 | BB68: 7
A69: 27 | B69: 26 | C69: B30+3 | H69: 296141.03 | I69: 4688978.2 | J69: 125.932 | K69: =IF(O69=TODAY(),"Access Road",IF(Q69=TODAY(),"Soil Investigation",IF(S69=TODAY(),"Excavation",IF(U69=TODAY(),"Lean Concrete",IF(W69=TODAY(),"Stub Settings",IF(Y69=TODAY(),"Concrete",IF(AA69=TODAY(),"Backfilling",IF(AC69=TODAY(),"Ground Erection",IF(AE69=TODAY(),"Crane Erection",IF(AG69=TODAY(),"Conductor",IF(AI69=TODAY(),"EW",IF(AK69=TODAY(),"OPGW","")))))))))))) | L69: =IF(O69=TODAY()+1,"Access Road",IF(Q69=TODAY()+1,"Soil Investigation",IF(S69=TODAY()+1,"Excavation",IF(U69=TODAY()+1,"Lean Concrete",IF(W69=TODAY()+1,"Stub Settings",IF(Y69=TODAY()+1,"Concrete",IF(AA69=TODAY()+1,"Backfilling",IF(AC69=TODAY()+1,"Ground Erection",IF(AE69=TODAY()+1,"Crane Erection",IF(AG69=TODAY()+1,"Conductor",IF(AI69=TODAY()+1,"EW",IF(AK69=TODAY()+1,"OPGW","")))))))))))) | O69: 45638 | P69: =IF(O69="","Not Yet",IF(O69=TODAY(),"Today Completed",IF(O69=TODAY()+1,"Tomorrow's Plan",IF(O69<TODAY(),"Completed","Not Yet")))) -> Completed | Q69: 46003 | R69: =IF(Q69="","Not Yet",IF(Q69=TODAY(),"Today Completed",IF(Q69=TODAY()+1,"Tomorrow's Plan",IF(Q69<TODAY(),"Completed","Not Yet")))) -> Completed | S69: 45638 | T69: =IF(S69="","Not Yet",IF(S69=TODAY(),"Today Completed",IF(S69=TODAY()+1,"Tomorrow's Plan",IF(S69<TODAY(),"Completed","Not Yet")))) -> Completed | U69: 45638 | V69: =IF(U69="","Not Yet",IF(U69=TODAY(),"Today Completed",IF(U69=TODAY()+1,"Tomorrow's Plan",IF(U69<TODAY(),"Completed","Not Yet")))) -> Completed | W69: 45638 | X69: =IF(W69="","Not Yet",IF(W69=TODAY(),"Today Completed",IF(W69=TODAY()+1,"Tomorrow's Plan",IF(W69<TODAY(),"Completed","Not Yet")))) -> Completed | Y69: 45638 | Z69: =IF(Y69="","Not Yet",IF(Y69=TODAY(),"Today Completed",IF(Y69=TODAY()+1,"Tomorrow's Plan",IF(Y69<TODAY(),"Completed","Not Yet")))) -> Completed | AA69: 45638 | AB69: =IF(AA69="","Not Yet",IF(AA69=TODAY(),"Today Completed",IF(AA69=TODAY()+1,"Tomorrow's Plan",IF(AA69<TODAY(),"Completed","Not Yet")))) -> Completed | AC69: 45638 | AD69: =IF(AC69="","Not Yet",IF(AC69=TODAY(),"Today Completed",IF(AC69=TODAY()+1,"Tomorrow's Plan",IF(AC69<TODAY(),"Completed","Not Yet")))) -> Completed | AE69: 45638 | AF69: =IF(AE69="","Not Yet",IF(AE69=TODAY(),"Today Completed",IF(AE69=TODAY()+1,"Tomorrow's Plan",IF(AE69<TODAY(),"Completed","Not Yet")))) -> Completed | AG69: 45638 | AH69: =IF(AG69="","Not Yet",IF(AG69=TODAY(),"Today Completed",IF(AG69=TODAY()+1,"Tomorrow's Plan",IF(AG69<TODAY(),"Completed","Not Yet")))) -> Completed | AI69: 45638 | AJ69: =IF(AI69="","Not Yet",IF(AI69=TODAY(),"Today Completed",IF(AI69=TODAY()+1,"Tomorrow's Plan",IF(AI69<TODAY(),"Completed","Not Yet")))) -> Completed | AK69: 45638 | AL69: =IF(AK69="","Not Yet",IF(AK69=TODAY(),"Today Completed",IF(AK69=TODAY()+1,"Tomorrow's Plan",IF(AK69<TODAY(),"Completed","Not Yet")))) -> Completed | AM69: 8842.29 | AN69: 4.1 | AO69: AP10 | AP69: -13.6257 | AR69: =VLOOKUP(TOWER_LIST!B69,Spans!B:D,2,) -> 360 | AS69: =VLOOKUP(TOWER_LIST!B69,Spans!B:D,3,) -> 247 | AT69: =ROUND(AS69/AR69,2) -> 0.69 | AY69: 2T-2T | AZ69: 2 | BA69: =IF(AZ69>0,3," ") -> 3 | BC69: 1 | BD69: 1 | BE69: =IF(LEFT(C69,2)="BN","95-S","95-T") -> 95-T | BF69: 1 | BG69: 1 | BH69: =IF(LEFT(BE69,2)="18","JB"," " ) | BI69: =BE69 -> 95-T | BJ69: 1 | BK69: 1 | BL69: 2 | BM69: 0 | BO69: Step-1 | BT69: 26
AQ70: 362.71 | AU70: 16 | AV70: 353.59795 | AW70: 1407.34 | AX70: =IF(AQ70<700,"400/51","500/204") -> 400/51 | BB70: 7
A71: 28 | B71: 27 | C71: BNS+3 | H71: 295964.8 | I71: 4689295.2 | J71: 144.908 | K71: =IF(O71=TODAY(),"Access Road",IF(Q71=TODAY(),"Soil Investigation",IF(S71=TODAY(),"Excavation",IF(U71=TODAY(),"Lean Concrete",IF(W71=TODAY(),"Stub Settings",IF(Y71=TODAY(),"Concrete",IF(AA71=TODAY(),"Backfilling",IF(AC71=TODAY(),"Ground Erection",IF(AE71=TODAY(),"Crane Erection",IF(AG71=TODAY(),"Conductor",IF(AI71=TODAY(),"EW",IF(AK71=TODAY(),"OPGW","")))))))))))) | L71: =IF(O71=TODAY()+1,"Access Road",IF(Q71=TODAY()+1,"Soil Investigation",IF(S71=TODAY()+1,"Excavation",IF(U71=TODAY()+1,"Lean Concrete",IF(W71=TODAY()+1,"Stub Settings",IF(Y71=TODAY()+1,"Concrete",IF(AA71=TODAY()+1,"Backfilling",IF(AC71=TODAY()+1,"Ground Erection",IF(AE71=TODAY()+1,"Crane Erection",IF(AG71=TODAY()+1,"Conductor",IF(AI71=TODAY()+1,"EW",IF(AK71=TODAY()+1,"OPGW","")))))))))))) | O71: 45638 | P71: =IF(O71="","Not Yet",IF(O71=TODAY(),"Today Completed",IF(O71=TODAY()+1,"Tomorrow's Plan",IF(O71<TODAY(),"Completed","Not Yet")))) -> Completed | Q71: 46003 | R71: =IF(Q71="","Not Yet",IF(Q71=TODAY(),"Today Completed",IF(Q71=TODAY()+1,"Tomorrow's Plan",IF(Q71<TODAY(),"Completed","Not Yet")))) -> Completed | S71: 45638 | T71: =IF(S71="","Not Yet",IF(S71=TODAY(),"Today Completed",IF(S71=TODAY()+1,"Tomorrow's Plan",IF(S71<TODAY(),"Completed","Not Yet")))) -> Completed | U71: 45638 | V71: =IF(U71="","Not Yet",IF(U71=TODAY(),"Today Completed",IF(U71=TODAY()+1,"Tomorrow's Plan",IF(U71<TODAY(),"Completed","Not Yet")))) -> Completed | W71: 45638 | X71: =IF(W71="","Not Yet",IF(W71=TODAY(),"Today Completed",IF(W71=TODAY()+1,"Tomorrow's Plan",IF(W71<TODAY(),"Completed","Not Yet")))) -> Completed | Y71: 45638 | Z71: =IF(Y71="","Not Yet",IF(Y71=TODAY(),"Today Completed",IF(Y71=TODAY()+1,"Tomorrow's Plan",IF(Y71<TODAY(),"Completed","Not Yet")))) -> Completed | AA71: 45638 | AB71: =IF(AA71="","Not Yet",IF(AA71=TODAY(),"Today Completed",IF(AA71=TODAY()+1,"Tomorrow's Plan",IF(AA71<TODAY(),"Completed","Not Yet")))) -> Completed | AC71: 45638 | AD71: =IF(AC71="","Not Yet",IF(AC71=TODAY(),"Today Completed",IF(AC71=TODAY()+1,"Tomorrow's Plan",IF(AC71<TODAY(),"Completed","Not Yet")))) -> Completed | AE71: 45638 | AF71: =IF(AE71="","Not Yet",IF(AE71=TODAY(),"Today Completed",IF(AE71=TODAY()+1,"Tomorrow's Plan",IF(AE71<TODAY(),"Completed","Not Yet")))) -> Completed | AG71: 45638 | AH71: =IF(AG71="","Not Yet",IF(AG71=TODAY(),"Today Completed",IF(AG71=TODAY()+1,"Tomorrow's Plan",IF(AG71<TODAY(),"Completed","Not Yet")))) -> Completed | AI71: 45638 | AJ71: =IF(AI71="","Not Yet",IF(AI71=TODAY(),"Today Completed",IF(AI71=TODAY()+1,"Tomorrow's Plan",IF(AI71<TODAY(),"Completed","Not Yet")))) -> Completed | AK71: 45638 | AL71: =IF(AK71="","Not Yet",IF(AK71=TODAY(),"Today Completed",IF(AK71=TODAY()+1,"Tomorrow's Plan",IF(AK71<TODAY(),"Completed","Not Yet")))) -> Completed | AM71: 9205 | AN71: 5.1 | AR71: =VLOOKUP(TOWER_LIST!B71,Spans!B:D,2,) -> 349 | AS71: =VLOOKUP(TOWER_LIST!B71,Spans!B:D,3,) -> 376 | AT71: =ROUND(AS71/AR71,2) -> 1.08 | AY71: SS | BA71: =IF(AZ71>0,3," ") | BC71: 1 | BD71: 1 | BE71: =IF(LEFT(C71,2)="BN","95-S","95-T") -> 95-S | BF71: 1 | BG71: 1 | BH71: =IF(LEFT(BE71,2)="18","JB"," " ) | BI71: =BE71 -> 95-S | BJ71: 1 | BK71: 1 | BL71: 2 | BM71: 0 | BO71: Step-1 | BT71: 27
AQ72: 335 | AX72: =IF(AQ72<700,"400/51","500/204") -> 400/51 | BB72: 7
A73: 29 | B73: 28 | C73: BNS+6 | H73: 295802.04 | I73: 4689588 | J73: 152.002 | K73: =IF(O73=TODAY(),"Access Road",IF(Q73=TODAY(),"Soil Investigation",IF(S73=TODAY(),"Excavation",IF(U73=TODAY(),"Lean Concrete",IF(W73=TODAY(),"Stub Settings",IF(Y73=TODAY(),"Concrete",IF(AA73=TODAY(),"Backfilling",IF(AC73=TODAY(),"Ground Erection",IF(AE73=TODAY(),"Crane Erection",IF(AG73=TODAY(),"Conductor",IF(AI73=TODAY(),"EW",IF(AK73=TODAY(),"OPGW","")))))))))))) | L73: =IF(O73=TODAY()+1,"Access Road",IF(Q73=TODAY()+1,"Soil Investigation",IF(S73=TODAY()+1,"Excavation",IF(U73=TODAY()+1,"Lean Concrete",IF(W73=TODAY()+1,"Stub Settings",IF(Y73=TODAY()+1,"Concrete",IF(AA73=TODAY()+1,"Backfilling",IF(AC73=TODAY()+1,"Ground Erection",IF(AE73=TODAY()+1,"Crane Erection",IF(AG73=TODAY()+1,"Conductor",IF(AI73=TODAY()+1,"EW",IF(AK73=TODAY()+1,"OPGW","")))))))))))) | P73: =IF(O73="","Not Yet",IF(O73=TODAY(),"Today Completed",IF(O73=TODAY()+1,"Tomorrow's Plan",IF(O73<TODAY(),"Completed","Not Yet")))) -> Not Yet | Q73: 46003 | R73: =IF(Q73="","Not Yet",IF(Q73=TODAY(),"Today Completed",IF(Q73=TODAY()+1,"Tomorrow's Plan",IF(Q73<TODAY(),"Completed","Not Yet")))) -> Completed | T73: =IF(S73="","Not Yet",IF(S73=TODAY(),"Today Completed",IF(S73=TODAY()+1,"Tomorrow's Plan",IF(S73<TODAY(),"Completed","Not Yet")))) -> Not Yet | V73: =IF(U73="","Not Yet",IF(U73=TODAY(),"Today Completed",IF(U73=TODAY()+1,"Tomorrow's Plan",IF(U73<TODAY(),"Completed","Not Yet")))) -> Not Yet | X73: =IF(W73="","Not Yet",IF(W73=TODAY(),"Today Completed",IF(W73=TODAY()+1,"Tomorrow's Plan",IF(W73<TODAY(),"Completed","Not Yet")))) -> Not Yet | Z73: =IF(Y73="","Not Yet",IF(Y73=TODAY(),"Today Completed",IF(Y73=TODAY()+1,"Tomorrow's Plan",IF(Y73<TODAY(),"Completed","Not Yet")))) -> Not Yet | AB73: =IF(AA73="","Not Yet",IF(AA73=TODAY(),"Today Completed",IF(AA73=TODAY()+1,"Tomorrow's Plan",IF(AA73<TODAY(),"Completed","Not Yet")))) -> Not Yet | AD73: =IF(AC73="","Not Yet",IF(AC73=TODAY(),"Today Completed",IF(AC73=TODAY()+1,"Tomorrow's Plan",IF(AC73<TODAY(),"Completed","Not Yet")))) -> Not Yet | AF73: =IF(AE73="","Not Yet",IF(AE73=TODAY(),"Today Completed",IF(AE73=TODAY()+1,"Tomorrow's Plan",IF(AE73<TODAY(),"Completed","Not Yet")))) -> Not Yet | AH73: =IF(AG73="","Not Yet",IF(AG73=TODAY(),"Today Completed",IF(AG73=TODAY()+1,"Tomorrow's Plan",IF(AG73<TODAY(),"Completed","Not Yet")))) -> Not Yet | AJ73: =IF(AI73="","Not Yet",IF(AI73=TODAY(),"Today Completed",IF(AI73=TODAY()+1,"Tomorrow's Plan",IF(AI73<TODAY(),"Completed","Not Yet")))) -> Not Yet | AL73: =IF(AK73="","Not Yet",IF(AK73=TODAY(),"Today Completed",IF(AK73=TODAY()+1,"Tomorrow's Plan",IF(AK73<TODAY(),"Completed","Not Yet")))) -> Not Yet | AM73: 9540 | AN73: 3 | AR73: =VLOOKUP(TOWER_LIST!B73,Spans!B:D,2,) -> 333 | AS73: =VLOOKUP(TOWER_LIST!B73,Spans!B:D,3,) -> 382 | AT73: =ROUND(AS73/AR73,2) -> 1.15 | AY73: SS | BA73: =IF(AZ73>0,3," ") | BC73: 1 | BD73: 1 | BE73: =IF(LEFT(C73,2)="BN","95-S","95-T") -> 95-S | BF73: 1 | BG73: 1 | BH73: =IF(LEFT(BE73,2)="18","JB"," " ) | BI73: =BE73 -> 95-S | BJ73: 1 | BK73: 1 | BL73: 2 | BM73: 0 | BO73: Step-1 | BT73: 28
AQ74: 330 | AX74: =IF(AQ74<700,"400/51","500/204") -> 400/51 | BB74: 7
A75: 30 | B75: 29 | C75: BNS-3 | H75: 295641.72 | I75: 4689876.5 | J75: 156.385 | K75: =IF(O75=TODAY(),"Access Road",IF(Q75=TODAY(),"Soil Investigation",IF(S75=TODAY(),"Excavation",IF(U75=TODAY(),"Lean Concrete",IF(W75=TODAY(),"Stub Settings",IF(Y75=TODAY(),"Concrete",IF(AA75=TODAY(),"Backfilling",IF(AC75=TODAY(),"Ground Erection",IF(AE75=TODAY(),"Crane Erection",IF(AG75=TODAY(),"Conductor",IF(AI75=TODAY(),"EW",IF(AK75=TODAY(),"OPGW","")))))))))))) | L75: =IF(O75=TODAY()+1,"Access Road",IF(Q75=TODAY()+1,"Soil Investigation",IF(S75=TODAY()+1,"Excavation",IF(U75=TODAY()+1,"Lean Concrete",IF(W75=TODAY()+1,"Stub Settings",IF(Y75=TODAY()+1,"Concrete",IF(AA75=TODAY()+1,"Backfilling",IF(AC75=TODAY()+1,"Ground Erection",IF(AE75=TODAY()+1,"Crane Erection",IF(AG75=TODAY()+1,"Conductor",IF(AI75=TODAY()+1,"EW",IF(AK75=TODAY()+1,"OPGW","")))))))))))) | P75: =IF(O75="","Not Yet",IF(O75=TODAY(),"Today Completed",IF(O75=TODAY()+1,"Tomorrow's Plan",IF(O75<TODAY(),"Completed","Not Yet")))) -> Not Yet | Q75: 46003 | R75: =IF(Q75="","Not Yet",IF(Q75=TODAY(),"Today Completed",IF(Q75=TODAY()+1,"Tomorrow's Plan",IF(Q75<TODAY(),"Completed","Not Yet")))) -> Completed | T75: =IF(S75="","Not Yet",IF(S75=TODAY(),"Today Completed",IF(S75=TODAY()+1,"Tomorrow's Plan",IF(S75<TODAY(),"Completed","Not Yet")))) -> Not Yet | V75: =IF(U75="","Not Yet",IF(U75=TODAY(),"Today Completed",IF(U75=TODAY()+1,"Tomorrow's Plan",IF(U75<TODAY(),"Completed","Not Yet")))) -> Not Yet | X75: =IF(W75="","Not Yet",IF(W75=TODAY(),"Today Completed",IF(W75=TODAY()+1,"Tomorrow's Plan",IF(W75<TODAY(),"Completed","Not Yet")))) -> Not Yet | Z75: =IF(Y75="","Not Yet",IF(Y75=TODAY(),"Today Completed",IF(Y75=TODAY()+1,"Tomorrow's Plan",IF(Y75<TODAY(),"Completed","Not Yet")))) -> Not Yet | AB75: =IF(AA75="","Not Yet",IF(AA75=TODAY(),"Today Completed",IF(AA75=TODAY()+1,"Tomorrow's Plan",IF(AA75<TODAY(),"Completed","Not Yet")))) -> Not Yet | AD75: =IF(AC75="","Not Yet",IF(AC75=TODAY(),"Today Completed",IF(AC75=TODAY()+1,"Tomorrow's Plan",IF(AC75<TODAY(),"Completed","Not Yet")))) -> Not Yet | AF75: =IF(AE75="","Not Yet",IF(AE75=TODAY(),"Today Completed",IF(AE75=TODAY()+1,"Tomorrow's Plan",IF(AE75<TODAY(),"Completed","Not Yet")))) -> Not Yet | AH75: =IF(AG75="","Not Yet",IF(AG75=TODAY(),"Today Completed",IF(AG75=TODAY()+1,"Tomorrow's Plan",IF(AG75<TODAY(),"Completed","Not Yet")))) -> Not Yet | AJ75: =IF(AI75="","Not Yet",IF(AI75=TODAY(),"Today Completed",IF(AI75=TODAY()+1,"Tomorrow's Plan",IF(AI75<TODAY(),"Completed","Not Yet")))) -> Not Yet | AL75: =IF(AK75="","Not Yet",IF(AK75=TODAY(),"Today Completed",IF(AK75=TODAY()+1,"Tomorrow's Plan",IF(AK75<TODAY(),"Completed","Not Yet")))) -> Not Yet | AM75: 9870 | AN75: 5.1 | AR75: =VLOOKUP(TOWER_LIST!B75,Spans!B:D,2,) -> 356 | AS75: =VLOOKUP(TOWER_LIST!B75,Spans!B:D,3,) -> 450 | AT75: =ROUND(AS75/AR75,2) -> 1.26 | AY75: SS | BA75: =IF(AZ75>0,3," ") | BC75: 1 | BD75: 1 | BE75: =IF(LEFT(C75,2)="BN","95-S","95-T") -> 95-S | BF75: 1 | BG75: 1 | BH75: =IF(LEFT(BE75,2)="18","JB"," " ) | BI75: =BE75 -> 95-S | BJ75: 1 | BK75: 1 | BL75: 2 | BM75: 0 | BO75: Step-1 | BT75: 29
AQ76: 379.63 | AX76: =IF(AQ76<700,"400/51","500/204") -> 400/51 | BB76: 7
A77: 31 | B77: 30 | C77: B60-3 | H77: 295457.27 | I77: 4690208.3 | J77: 119.053 | K77: =IF(O77=TODAY(),"Access Road",IF(Q77=TODAY(),"Soil Investigation",IF(S77=TODAY(),"Excavation",IF(U77=TODAY(),"Lean Concrete",IF(W77=TODAY(),"Stub Settings",IF(Y77=TODAY(),"Concrete",IF(AA77=TODAY(),"Backfilling",IF(AC77=TODAY(),"Ground Erection",IF(AE77=TODAY(),"Crane Erection",IF(AG77=TODAY(),"Conductor",IF(AI77=TODAY(),"EW",IF(AK77=TODAY(),"OPGW","")))))))))))) | L77: =IF(O77=TODAY()+1,"Access Road",IF(Q77=TODAY()+1,"Soil Investigation",IF(S77=TODAY()+1,"Excavation",IF(U77=TODAY()+1,"Lean Concrete",IF(W77=TODAY()+1,"Stub Settings",IF(Y77=TODAY()+1,"Concrete",IF(AA77=TODAY()+1,"Backfilling",IF(AC77=TODAY()+1,"Ground Erection",IF(AE77=TODAY()+1,"Crane Erection",IF(AG77=TODAY()+1,"Conductor",IF(AI77=TODAY()+1,"EW",IF(AK77=TODAY()+1,"OPGW","")))))))))))) | P77: =IF(O77="","Not Yet",IF(O77=TODAY(),"Today Completed",IF(O77=TODAY()+1,"Tomorrow's Plan",IF(O77<TODAY(),"Completed","Not Yet")))) -> Not Yet | Q77: 46003 | R77: =IF(Q77="","Not Yet",IF(Q77=TODAY(),"Today Completed",IF(Q77=TODAY()+1,"Tomorrow's Plan",IF(Q77<TODAY(),"Completed","Not Yet")))) -> Completed | T77: =IF(S77="","Not Yet",IF(S77=TODAY(),"Today Completed",IF(S77=TODAY()+1,"Tomorrow's Plan",IF(S77<TODAY(),"Completed","Not Yet")))) -> Not Yet | V77: =IF(U77="","Not Yet",IF(U77=TODAY(),"Today Completed",IF(U77=TODAY()+1,"Tomorrow's Plan",IF(U77<TODAY(),"Completed","Not Yet")))) -> Not Yet | X77: =IF(W77="","Not Yet",IF(W77=TODAY(),"Today Completed",IF(W77=TODAY()+1,"Tomorrow's Plan",IF(W77<TODAY(),"Completed","Not Yet")))) -> Not Yet | Z77: =IF(Y77="","Not Yet",IF(Y77=TODAY(),"Today Completed",IF(Y77=TODAY()+1,"Tomorrow's Plan",IF(Y77<TODAY(),"Completed","Not Yet")))) -> Not Yet | AB77: =IF(AA77="","Not Yet",IF(AA77=TODAY(),"Today Completed",IF(AA77=TODAY()+1,"Tomorrow's Plan",IF(AA77<TODAY(),"Completed","Not Yet")))) -> Not Yet | AD77: =IF(AC77="","Not Yet",IF(AC77=TODAY(),"Today Completed",IF(AC77=TODAY()+1,"Tomorrow's Plan",IF(AC77<TODAY(),"Completed","Not Yet")))) -> Not Yet | AF77: =IF(AE77="","Not Yet",IF(AE77=TODAY(),"Today Completed",IF(AE77=TODAY()+1,"Tomorrow's Plan",IF(AE77<TODAY(),"Completed","Not Yet")))) -> Not Yet | AH77: =IF(AG77="","Not Yet",IF(AG77=TODAY(),"Today Completed",IF(AG77=TODAY()+1,"Tomorrow's Plan",IF(AG77<TODAY(),"Completed","Not Yet")))) -> Not Yet | AJ77: =IF(AI77="","Not Yet",IF(AI77=TODAY(),"Today Completed",IF(AI77=TODAY()+1,"Tomorrow's Plan",IF(AI77<TODAY(),"Completed","Not Yet")))) -> Not Yet | AL77: =IF(AK77="","Not Yet",IF(AK77=TODAY(),"Today Completed",IF(AK77=TODAY()+1,"Tomorrow's Plan",IF(AK77<TODAY(),"Completed","Not Yet")))) -> Not Yet | AM77: 10249.63 | AN77: 3 | AO77: AP11 | AP77: -42.8413 | AR77: =VLOOKUP(TOWER_LIST!B77,Spans!B:D,2,) -> 376 | AS77: =VLOOKUP(TOWER_LIST!B77,Spans!B:D,3,) -> 223 | AT77: =ROUND(AS77/AR77,2) -> 0.59 | AY77: 2T-2T | AZ77: 2 | BA77: =IF(AZ77>0,3," ") -> 3 | BC77: 1 | BD77: 1 | BE77: =IF(LEFT(C77,2)="BN","95-S","95-T") -> 95-T | BF77: 1 | BG77: 1 | BH77: JB | BI77: =BE77 -> 95-T | BJ77: 1 | BK77: 1 | BL77: 2 | BM77: 0 | BO77: Step-1 | BT77: 30
AQ78: 370.37 | AU78: 16 | AV78: 336.82692 | AW78: 1001.04 | AX78: =IF(AQ78<700,"400/51","500/204") -> 400/51 | BB78: 7 | BR78: TRACK, STREAM, MV OHDL
A79: 32 | B79: 31 | C79: BNS+9 | H79: 295105.21 | I79: 4690323.3 | J79: 122.855 | K79: =IF(O79=TODAY(),"Access Road",IF(Q79=TODAY(),"Soil Investigation",IF(S79=TODAY(),"Excavation",IF(U79=TODAY(),"Lean Concrete",IF(W79=TODAY(),"Stub Settings",IF(Y79=TODAY(),"Concrete",IF(AA79=TODAY(),"Backfilling",IF(AC79=TODAY(),"Ground Erection",IF(AE79=TODAY(),"Crane Erection",IF(AG79=TODAY(),"Conductor",IF(AI79=TODAY(),"EW",IF(AK79=TODAY(),"OPGW","")))))))))))) | L79: =IF(O79=TODAY()+1,"Access Road",IF(Q79=TODAY()+1,"Soil Investigation",IF(S79=TODAY()+1,"Excavation",IF(U79=TODAY()+1,"Lean Concrete",IF(W79=TODAY()+1,"Stub Settings",IF(Y79=TODAY()+1,"Concrete",IF(AA79=TODAY()+1,"Backfilling",IF(AC79=TODAY()+1,"Ground Erection",IF(AE79=TODAY()+1,"Crane Erection",IF(AG79=TODAY()+1,"Conductor",IF(AI79=TODAY()+1,"EW",IF(AK79=TODAY()+1,"OPGW","")))))))))))) | P79: =IF(O79="","Not Yet",IF(O79=TODAY(),"Today Completed",IF(O79=TODAY()+1,"Tomorrow's Plan",IF(O79<TODAY(),"Completed","Not Yet")))) -> Not Yet | Q79: 46003 | R79: =IF(Q79="","Not Yet",IF(Q79=TODAY(),"Today Completed",IF(Q79=TODAY()+1,"Tomorrow's Plan",IF(Q79<TODAY(),"Completed","Not Yet")))) -> Completed | T79: =IF(S79="","Not Yet",IF(S79=TODAY(),"Today Completed",IF(S79=TODAY()+1,"Tomorrow's Plan",IF(S79<TODAY(),"Completed","Not Yet")))) -> Not Yet | V79: =IF(U79="","Not Yet",IF(U79=TODAY(),"Today Completed",IF(U79=TODAY()+1,"Tomorrow's Plan",IF(U79<TODAY(),"Completed","Not Yet")))) -> Not Yet | X79: =IF(W79="","Not Yet",IF(W79=TODAY(),"Today Completed",IF(W79=TODAY()+1,"Tomorrow's Plan",IF(W79<TODAY(),"Completed","Not Yet")))) -> Not Yet | Z79: =IF(Y79="","Not Yet",IF(Y79=TODAY(),"Today Completed",IF(Y79=TODAY()+1,"Tomorrow's Plan",IF(Y79<TODAY(),"Completed","Not Yet")))) -> Not Yet | AB79: =IF(AA79="","Not Yet",IF(AA79=TODAY(),"Today Completed",IF(AA79=TODAY()+1,"Tomorrow's Plan",IF(AA79<TODAY(),"Completed","Not Yet")))) -> Not Yet | AD79: =IF(AC79="","Not Yet",IF(AC79=TODAY(),"Today Completed",IF(AC79=TODAY()+1,"Tomorrow's Plan",IF(AC79<TODAY(),"Completed","Not Yet")))) -> Not Yet | AF79: =IF(AE79="","Not Yet",IF(AE79=TODAY(),"Today Completed",IF(AE79=TODAY()+1,"Tomorrow's Plan",IF(AE79<TODAY(),"Completed","Not Yet")))) -> Not Yet | AH79: =IF(AG79="","Not Yet",IF(AG79=TODAY(),"Today Completed",IF(AG79=TODAY()+1,"Tomorrow's Plan",IF(AG79<TODAY(),"Completed","Not Yet")))) -> Not Yet | AJ79: =IF(AI79="","Not Yet",IF(AI79=TODAY(),"Today Completed",IF(AI79=TODAY()+1,"Tomorrow's Plan",IF(AI79<TODAY(),"Completed","Not Yet")))) -> Not Yet | AL79: =IF(AK79="","Not Yet",IF(AK79=TODAY(),"Today Completed",IF(AK79=TODAY()+1,"Tomorrow's Plan",IF(AK79<TODAY(),"Completed","Not Yet")))) -> Not Yet | AM79: 10620 | AN79: 3 | AR79: =VLOOKUP(TOWER_LIST!B79,Spans!B:D,2,) -> 340 | AS79: =VLOOKUP(TOWER_LIST!B79,Spans!B:D,3,) -> 382 | AT79: =ROUND(AS79/AR79,2) -> 1.12 | AY79: DS | BA79: =IF(AZ79>0,3," ") | BC79: 1 | BD79: 1 | BE79: =IF(LEFT(C79,2)="BN","95-S","95-T") -> 95-S | BF79: 1 | BG79: 1 | BH79: =IF(LEFT(BE79,2)="18","JB"," " ) | BI79: =BE79 -> 95-S | BJ79: 1 | BK79: 1 | BL79: 2 | BM79: 0 | BO79: Step-1 | BT79: 31
AQ80: 310 | AX80: =IF(AQ80<700,"400/51","500/204") -> 400/51 | BB80: 6 | BR80: ROAD
A81: 33 | B81: 32 | C81: BNS+6 | H81: 294810.53 | I81: 4690419.5 | J81: 127.766 | K81: =IF(O81=TODAY(),"Access Road",IF(Q81=TODAY(),"Soil Investigation",IF(S81=TODAY(),"Excavation",IF(U81=TODAY(),"Lean Concrete",IF(W81=TODAY(),"Stub Settings",IF(Y81=TODAY(),"Concrete",IF(AA81=TODAY(),"Backfilling",IF(AC81=TODAY(),"Ground Erection",IF(AE81=TODAY(),"Crane Erection",IF(AG81=TODAY(),"Conductor",IF(AI81=TODAY(),"EW",IF(AK81=TODAY(),"OPGW","")))))))))))) | L81: =IF(O81=TODAY()+1,"Access Road",IF(Q81=TODAY()+1,"Soil Investigation",IF(S81=TODAY()+1,"Excavation",IF(U81=TODAY()+1,"Lean Concrete",IF(W81=TODAY()+1,"Stub Settings",IF(Y81=TODAY()+1,"Concrete",IF(AA81=TODAY()+1,"Backfilling",IF(AC81=TODAY()+1,"Ground Erection",IF(AE81=TODAY()+1,"Crane Erection",IF(AG81=TODAY()+1,"Conductor",IF(AI81=TODAY()+1,"EW",IF(AK81=TODAY()+1,"OPGW","")))))))))))) | P81: =IF(O81="","Not Yet",IF(O81=TODAY(),"Today Completed",IF(O81=TODAY()+1,"Tomorrow's Plan",IF(O81<TODAY(),"Completed","Not Yet")))) -> Not Yet | Q81: 46003 | R81: =IF(Q81="","Not Yet",IF(Q81=TODAY(),"Today Completed",IF(Q81=TODAY()+1,"Tomorrow's Plan",IF(Q81<TODAY(),"Completed","Not Yet")))) -> Completed | T81: =IF(S81="","Not Yet",IF(S81=TODAY(),"Today Completed",IF(S81=TODAY()+1,"Tomorrow's Plan",IF(S81<TODAY(),"Completed","Not Yet")))) -> Not Yet | V81: =IF(U81="","Not Yet",IF(U81=TODAY(),"Today Completed",IF(U81=TODAY()+1,"Tomorrow's Plan",IF(U81<TODAY(),"Completed","Not Yet")))) -> Not Yet | X81: =IF(W81="","Not Yet",IF(W81=TODAY(),"Today Completed",IF(W81=TODAY()+1,"Tomorrow's Plan",IF(W81<TODAY(),"Completed","Not Yet")))) -> Not Yet | Z81: =IF(Y81="","Not Yet",IF(Y81=TODAY(),"Today Completed",IF(Y81=TODAY()+1,"Tomorrow's Plan",IF(Y81<TODAY(),"Completed","Not Yet")))) -> Not Yet | AB81: =IF(AA81="","Not Yet",IF(AA81=TODAY(),"Today Completed",IF(AA81=TODAY()+1,"Tomorrow's Plan",IF(AA81<TODAY(),"Completed","Not Yet")))) -> Not Yet | AD81: =IF(AC81="","Not Yet",IF(AC81=TODAY(),"Today Completed",IF(AC81=TODAY()+1,"Tomorrow's Plan",IF(AC81<TODAY(),"Completed","Not Yet")))) -> Not Yet | AF81: =IF(AE81="","Not Yet",IF(AE81=TODAY(),"Today Completed",IF(AE81=TODAY()+1,"Tomorrow's Plan",IF(AE81<TODAY(),"Completed","Not Yet")))) -> Not Yet | AH81: =IF(AG81="","Not Yet",IF(AG81=TODAY(),"Today Completed",IF(AG81=TODAY()+1,"Tomorrow's Plan",IF(AG81<TODAY(),"Completed","Not Yet")))) -> Not Yet | AJ81: =IF(AI81="","Not Yet",IF(AI81=TODAY(),"Today Completed",IF(AI81=TODAY()+1,"Tomorrow's Plan",IF(AI81<TODAY(),"Completed","Not Yet")))) -> Not Yet | AL81: =IF(AK81="","Not Yet",IF(AK81=TODAY(),"Today Completed",IF(AK81=TODAY()+1,"Tomorrow's Plan",IF(AK81<TODAY(),"Completed","Not Yet")))) -> Not Yet | AM81: 10930 | AN81: 4.1 | AR81: =VLOOKUP(TOWER_LIST!B81,Spans!B:D,2,) -> 315 | AS81: =VLOOKUP(TOWER_LIST!B81,Spans!B:D,3,) -> 346 | AT81: =ROUND(AS81/AR81,2) -> 1.1 | AY81: DS | BA81: =IF(AZ81>0,3," ") | BC81: 1 | BD81: 1 | BE81: =IF(LEFT(C81,2)="BN","95-S","95-T") -> 95-S | BF81: 1 | BG81: 1 | BH81: =IF(LEFT(BE81,2)="18","JB"," " ) | BI81: =BE81 -> 95-S | BJ81: 1 | BK81: 1 | BL81: 2 | BM81: 0 | BO81: Step-1 | BT81: 32
AQ82: 320.67 | AX82: =IF(AQ82<700,"400/51","500/204") -> 400/51 | BB82: 6
A83: 34 | B83: 33 | C83: B30-3 | H83: 294505.72 | I83: 4690519.1 | J83: 130.617 | K83: =IF(O83=TODAY(),"Access Road",IF(Q83=TODAY(),"Soil Investigation",IF(S83=TODAY(),"Excavation",IF(U83=TODAY(),"Lean Concrete",IF(W83=TODAY(),"Stub Settings",IF(Y83=TODAY(),"Concrete",IF(AA83=TODAY(),"Backfilling",IF(AC83=TODAY(),"Ground Erection",IF(AE83=TODAY(),"Crane Erection",IF(AG83=TODAY(),"Conductor",IF(AI83=TODAY(),"EW",IF(AK83=TODAY(),"OPGW","")))))))))))) | L83: =IF(O83=TODAY()+1,"Access Road",IF(Q83=TODAY()+1,"Soil Investigation",IF(S83=TODAY()+1,"Excavation",IF(U83=TODAY()+1,"Lean Concrete",IF(W83=TODAY()+1,"Stub Settings",IF(Y83=TODAY()+1,"Concrete",IF(AA83=TODAY()+1,"Backfilling",IF(AC83=TODAY()+1,"Ground Erection",IF(AE83=TODAY()+1,"Crane Erection",IF(AG83=TODAY()+1,"Conductor",IF(AI83=TODAY()+1,"EW",IF(AK83=TODAY()+1,"OPGW","")))))))))))) | P83: =IF(O83="","Not Yet",IF(O83=TODAY(),"Today Completed",IF(O83=TODAY()+1,"Tomorrow's Plan",IF(O83<TODAY(),"Completed","Not Yet")))) -> Not Yet | Q83: 46003 | R83: =IF(Q83="","Not Yet",IF(Q83=TODAY(),"Today Completed",IF(Q83=TODAY()+1,"Tomorrow's Plan",IF(Q83<TODAY(),"Completed","Not Yet")))) -> Completed | T83: =IF(S83="","Not Yet",IF(S83=TODAY(),"Today Completed",IF(S83=TODAY()+1,"Tomorrow's Plan",IF(S83<TODAY(),"Completed","Not Yet")))) -> Not Yet | V83: =IF(U83="","Not Yet",IF(U83=TODAY(),"Today Completed",IF(U83=TODAY()+1,"Tomorrow's Plan",IF(U83<TODAY(),"Completed","Not Yet")))) -> Not Yet | X83: =IF(W83="","Not Yet",IF(W83=TODAY(),"Today Completed",IF(W83=TODAY()+1,"Tomorrow's Plan",IF(W83<TODAY(),"Completed","Not Yet")))) -> Not Yet | Z83: =IF(Y83="","Not Yet",IF(Y83=TODAY(),"Today Completed",IF(Y83=TODAY()+1,"Tomorrow's Plan",IF(Y83<TODAY(),"Completed","Not Yet")))) -> Not Yet | AB83: =IF(AA83="","Not Yet",IF(AA83=TODAY(),"Today Completed",IF(AA83=TODAY()+1,"Tomorrow's Plan",IF(AA83<TODAY(),"Completed","Not Yet")))) -> Not Yet | AD83: =IF(AC83="","Not Yet",IF(AC83=TODAY(),"Today Completed",IF(AC83=TODAY()+1,"Tomorrow's Plan",IF(AC83<TODAY(),"Completed","Not Yet")))) -> Not Yet | AF83: =IF(AE83="","Not Yet",IF(AE83=TODAY(),"Today Completed",IF(AE83=TODAY()+1,"Tomorrow's Plan",IF(AE83<TODAY(),"Completed","Not Yet")))) -> Not Yet | AH83: =IF(AG83="","Not Yet",IF(AG83=TODAY(),"Today Completed",IF(AG83=TODAY()+1,"Tomorrow's Plan",IF(AG83<TODAY(),"Completed","Not Yet")))) -> Not Yet | AJ83: =IF(AI83="","Not Yet",IF(AI83=TODAY(),"Today Completed",IF(AI83=TODAY()+1,"Tomorrow's Plan",IF(AI83<TODAY(),"Completed","Not Yet")))) -> Not Yet | AL83: =IF(AK83="","Not Yet",IF(AK83=TODAY(),"Today Completed",IF(AK83=TODAY()+1,"Tomorrow's Plan",IF(AK83<TODAY(),"Completed","Not Yet")))) -> Not Yet | AM83: 11250.67 | AN83: 4.1 | AO83: AP12 | AP83: 27.8332 | AR83: =VLOOKUP(TOWER_LIST!B83,Spans!B:D,2,) -> 378 | AS83: =VLOOKUP(TOWER_LIST!B83,Spans!B:D,3,) -> 274 | AT83: =ROUND(AS83/AR83,2) -> 0.72 | AY83: 2T-2T | AZ83: 1 | BA83: =IF(AZ83>0,3," ") -> 3 | BC83: 1 | BD83: 1 | BE83: =IF(LEFT(C83,2)="BN","95-S","95-T") -> 95-T | BF83: 1 | BG83: 1 | BH83: =IF(LEFT(BE83,2)="18","JB"," " ) | BI83: =BE83 -> 95-T | BJ83: 1 | BK83: 1 | BL83: 2 | BM83: 0 | BO83: Step-1 | BT83: 33
AQ84: 434.33 | AU84: 17 | AV84: 435.75694 | AW84: 871.5 | AX84: =IF(AQ84<700,"400/51","500/204") -> 400/51 | BB84: 8
A85: 35 | B85: 34 | C85: BNS+12 | H85: 294203.59 | I85: 4690831.2 | J85: 148.031 | K85: =IF(O85=TODAY(),"Access Road",IF(Q85=TODAY(),"Soil Investigation",IF(S85=TODAY(),"Excavation",IF(U85=TODAY(),"Lean Concrete",IF(W85=TODAY(),"Stub Settings",IF(Y85=TODAY(),"Concrete",IF(AA85=TODAY(),"Backfilling",IF(AC85=TODAY(),"Ground Erection",IF(AE85=TODAY(),"Crane Erection",IF(AG85=TODAY(),"Conductor",IF(AI85=TODAY(),"EW",IF(AK85=TODAY(),"OPGW","")))))))))))) | L85: =IF(O85=TODAY()+1,"Access Road",IF(Q85=TODAY()+1,"Soil Investigation",IF(S85=TODAY()+1,"Excavation",IF(U85=TODAY()+1,"Lean Concrete",IF(W85=TODAY()+1,"Stub Settings",IF(Y85=TODAY()+1,"Concrete",IF(AA85=TODAY()+1,"Backfilling",IF(AC85=TODAY()+1,"Ground Erection",IF(AE85=TODAY()+1,"Crane Erection",IF(AG85=TODAY()+1,"Conductor",IF(AI85=TODAY()+1,"EW",IF(AK85=TODAY()+1,"OPGW","")))))))))))) | P85: =IF(O85="","Not Yet",IF(O85=TODAY(),"Today Completed",IF(O85=TODAY()+1,"Tomorrow's Plan",IF(O85<TODAY(),"Completed","Not Yet")))) -> Not Yet | Q85: 46003 | R85: =IF(Q85="","Not Yet",IF(Q85=TODAY(),"Today Completed",IF(Q85=TODAY()+1,"Tomorrow's Plan",IF(Q85<TODAY(),"Completed","Not Yet")))) -> Completed | T85: =IF(S85="","Not Yet",IF(S85=TODAY(),"Today Completed",IF(S85=TODAY()+1,"Tomorrow's Plan",IF(S85<TODAY(),"Completed","Not Yet")))) -> Not Yet | V85: =IF(U85="","Not Yet",IF(U85=TODAY(),"Today Completed",IF(U85=TODAY()+1,"Tomorrow's Plan",IF(U85<TODAY(),"Completed","Not Yet")))) -> Not Yet | X85: =IF(W85="","Not Yet",IF(W85=TODAY(),"Today Completed",IF(W85=TODAY()+1,"Tomorrow's Plan",IF(W85<TODAY(),"Completed","Not Yet")))) -> Not Yet | Z85: =IF(Y85="","Not Yet",IF(Y85=TODAY(),"Today Completed",IF(Y85=TODAY()+1,"Tomorrow's Plan",IF(Y85<TODAY(),"Completed","Not Yet")))) -> Not Yet | AB85: =IF(AA85="","Not Yet",IF(AA85=TODAY(),"Today Completed",IF(AA85=TODAY()+1,"Tomorrow's Plan",IF(AA85<TODAY(),"Completed","Not Yet")))) -> Not Yet | AD85: =IF(AC85="","Not Yet",IF(AC85=TODAY(),"Today Completed",IF(AC85=TODAY()+1,"Tomorrow's Plan",IF(AC85<TODAY(),"Completed","Not Yet")))) -> Not Yet | AF85: =IF(AE85="","Not Yet",IF(AE85=TODAY(),"Today Completed",IF(AE85=TODAY()+1,"Tomorrow's Plan",IF(AE85<TODAY(),"Completed","Not Yet")))) -> Not Yet | AH85: =IF(AG85="","Not Yet",IF(AG85=TODAY(),"Today Completed",IF(AG85=TODAY()+1,"Tomorrow's Plan",IF(AG85<TODAY(),"Completed","Not Yet")))) -> Not Yet | AJ85: =IF(AI85="","Not Yet",IF(AI85=TODAY(),"Today Completed",IF(AI85=TODAY()+1,"Tomorrow's Plan",IF(AI85<TODAY(),"Completed","Not Yet")))) -> Not Yet | AL85: =IF(AK85="","Not Yet",IF(AK85=TODAY(),"Today Completed",IF(AK85=TODAY()+1,"Tomorrow's Plan",IF(AK85<TODAY(),"Completed","Not Yet")))) -> Not Yet | AM85: 11685 | AN85: 5.1 | AR85: =VLOOKUP(TOWER_LIST!B85,Spans!B:D,2,) -> 437 | AS85: =VLOOKUP(TOWER_LIST!B85,Spans!B:D,3,) -> 493 | AT85: =ROUND(AS85/AR85,2) -> 1.13 | AY85: DS | BA85: =IF(AZ85>0,3," ") | BC85: 1 | BD85: 1 | BE85: =IF(LEFT(C85,2)="BN","95-S","95-T") -> 95-S | BF85: 1 | BG85: 1 | BH85: =IF(LEFT(BE85,2)="18","JB"," " ) | BI85: =BE85 -> 95-S | BJ85: 1 | BK85: 1 | BL85: 2 | BM85: 0 | BO85: Step-1 | BS85: CW: 200 kg | BT85: 34
AQ86: 437.17 | AX86: =IF(AQ86<700,"400/51","500/204") -> 400/51 | BB86: 9 | BR86: ROAD, MV OHDL
A87: 36 | B87: 35 | C87: B30-3 | H87: 293899.49 | I87: 4691145.2 | J87: 192.269 | K87: =IF(O87=TODAY(),"Access Road",IF(Q87=TODAY(),"Soil Investigation",IF(S87=TODAY(),"Excavation",IF(U87=TODAY(),"Lean Concrete",IF(W87=TODAY(),"Stub Settings",IF(Y87=TODAY(),"Concrete",IF(AA87=TODAY(),"Backfilling",IF(AC87=TODAY(),"Ground Erection",IF(AE87=TODAY(),"Crane Erection",IF(AG87=TODAY(),"Conductor",IF(AI87=TODAY(),"EW",IF(AK87=TODAY(),"OPGW","")))))))))))) | L87: =IF(O87=TODAY()+1,"Access Road",IF(Q87=TODAY()+1,"Soil Investigation",IF(S87=TODAY()+1,"Excavation",IF(U87=TODAY()+1,"Lean Concrete",IF(W87=TODAY()+1,"Stub Settings",IF(Y87=TODAY()+1,"Concrete",IF(AA87=TODAY()+1,"Backfilling",IF(AC87=TODAY()+1,"Ground Erection",IF(AE87=TODAY()+1,"Crane Erection",IF(AG87=TODAY()+1,"Conductor",IF(AI87=TODAY()+1,"EW",IF(AK87=TODAY()+1,"OPGW","")))))))))))) | P87: =IF(O87="","Not Yet",IF(O87=TODAY(),"Today Completed",IF(O87=TODAY()+1,"Tomorrow's Plan",IF(O87<TODAY(),"Completed","Not Yet")))) -> Not Yet | Q87: 46003 | R87: =IF(Q87="","Not Yet",IF(Q87=TODAY(),"Today Completed",IF(Q87=TODAY()+1,"Tomorrow's Plan",IF(Q87<TODAY(),"Completed","Not Yet")))) -> Completed | T87: =IF(S87="","Not Yet",IF(S87=TODAY(),"Today Completed",IF(S87=TODAY()+1,"Tomorrow's Plan",IF(S87<TODAY(),"Completed","Not Yet")))) -> Not Yet | V87: =IF(U87="","Not Yet",IF(U87=TODAY(),"Today Completed",IF(U87=TODAY()+1,"Tomorrow's Plan",IF(U87<TODAY(),"Completed","Not Yet")))) -> Not Yet | X87: =IF(W87="","Not Yet",IF(W87=TODAY(),"Today Completed",IF(W87=TODAY()+1,"Tomorrow's Plan",IF(W87<TODAY(),"Completed","Not Yet")))) -> Not Yet | Z87: =IF(Y87="","Not Yet",IF(Y87=TODAY(),"Today Completed",IF(Y87=TODAY()+1,"Tomorrow's Plan",IF(Y87<TODAY(),"Completed","Not Yet")))) -> Not Yet | AB87: =IF(AA87="","Not Yet",IF(AA87=TODAY(),"Today Completed",IF(AA87=TODAY()+1,"Tomorrow's Plan",IF(AA87<TODAY(),"Completed","Not Yet")))) -> Not Yet | AD87: =IF(AC87="","Not Yet",IF(AC87=TODAY(),"Today Completed",IF(AC87=TODAY()+1,"Tomorrow's Plan",IF(AC87<TODAY(),"Completed","Not Yet")))) -> Not Yet | AF87: =IF(AE87="","Not Yet",IF(AE87=TODAY(),"Today Completed",IF(AE87=TODAY()+1,"Tomorrow's Plan",IF(AE87<TODAY(),"Completed","Not Yet")))) -> Not Yet | AH87: =IF(AG87="","Not Yet",IF(AG87=TODAY(),"Today Completed",IF(AG87=TODAY()+1,"Tomorrow's Plan",IF(AG87<TODAY(),"Completed","Not Yet")))) -> Not Yet | AJ87: =IF(AI87="","Not Yet",IF(AI87=TODAY(),"Today Completed",IF(AI87=TODAY()+1,"Tomorrow's Plan",IF(AI87<TODAY(),"Completed","Not Yet")))) -> Not Yet | AL87: =IF(AK87="","Not Yet",IF(AK87=TODAY(),"Today Completed",IF(AK87=TODAY()+1,"Tomorrow's Plan",IF(AK87<TODAY(),"Completed","Not Yet")))) -> Not Yet | AM87: 12122.17 | AN87: 3 | AO87: AP13 | AP87: 3.7687 | AR87: =VLOOKUP(TOWER_LIST!B87,Spans!B:D,2,) -> 458 | AS87: =VLOOKUP(TOWER_LIST!B87,Spans!B:D,3,) -> 601 | AT87: =ROUND(AS87/AR87,2) -> 1.31 | AY87: 2T-2T | AZ87: 3 | BA87: =IF(AZ87>0,3," ") -> 3 | BC87: 1 | BD87: 1 | BE87: =IF(LEFT(C87,2)="BN","95-S","95-T") -> 95-T | BF87: 1 | BG87: 1 | BH87: =IF(LEFT(BE87,2)="18","JB"," " ) | BI87: =BE87 -> 95-T | BJ87: 1 | BK87: 1 | BL87: 2 | BM87: 0 | BO87: Step-1 | BT87: 35
AQ88: 477.83 | AU88: 18 | AV88: 477.83 | AW88: 477.83 | AX88: =IF(AQ88<700,"400/51","500/204") -> 400/51 | BB88: 9
A89: 37 | B89: 36 | C89: B30+0 | H89: 293590.39 | I89: 4691509.6 | J89: 161.858 | K89: =IF(O89=TODAY(),"Access Road",IF(Q89=TODAY(),"Soil Investigation",IF(S89=TODAY(),"Excavation",IF(U89=TODAY(),"Lean Concrete",IF(W89=TODAY(),"Stub Settings",IF(Y89=TODAY(),"Concrete",IF(AA89=TODAY(),"Backfilling",IF(AC89=TODAY(),"Ground Erection",IF(AE89=TODAY(),"Crane Erection",IF(AG89=TODAY(),"Conductor",IF(AI89=TODAY(),"EW",IF(AK89=TODAY(),"OPGW","")))))))))))) | L89: =IF(O89=TODAY()+1,"Access Road",IF(Q89=TODAY()+1,"Soil Investigation",IF(S89=TODAY()+1,"Excavation",IF(U89=TODAY()+1,"Lean Concrete",IF(W89=TODAY()+1,"Stub Settings",IF(Y89=TODAY()+1,"Concrete",IF(AA89=TODAY()+1,"Backfilling",IF(AC89=TODAY()+1,"Ground Erection",IF(AE89=TODAY()+1,"Crane Erection",IF(AG89=TODAY()+1,"Conductor",IF(AI89=TODAY()+1,"EW",IF(AK89=TODAY()+1,"OPGW","")))))))))))) | P89: =IF(O89="","Not Yet",IF(O89=TODAY(),"Today Completed",IF(O89=TODAY()+1,"Tomorrow's Plan",IF(O89<TODAY(),"Completed","Not Yet")))) -> Not Yet | Q89: 46003 | R89: =IF(Q89="","Not Yet",IF(Q89=TODAY(),"Today Completed",IF(Q89=TODAY()+1,"Tomorrow's Plan",IF(Q89<TODAY(),"Completed","Not Yet")))) -> Completed | T89: =IF(S89="","Not Yet",IF(S89=TODAY(),"Today Completed",IF(S89=TODAY()+1,"Tomorrow's Plan",IF(S89<TODAY(),"Completed","Not Yet")))) -> Not Yet | V89: =IF(U89="","Not Yet",IF(U89=TODAY(),"Today Completed",IF(U89=TODAY()+1,"Tomorrow's Plan",IF(U89<TODAY(),"Completed","Not Yet")))) -> Not Yet | X89: =IF(W89="","Not Yet",IF(W89=TODAY(),"Today Completed",IF(W89=TODAY()+1,"Tomorrow's Plan",IF(W89<TODAY(),"Completed","Not Yet")))) -> Not Yet | Z89: =IF(Y89="","Not Yet",IF(Y89=TODAY(),"Today Completed",IF(Y89=TODAY()+1,"Tomorrow's Plan",IF(Y89<TODAY(),"Completed","Not Yet")))) -> Not Yet | AB89: =IF(AA89="","Not Yet",IF(AA89=TODAY(),"Today Completed",IF(AA89=TODAY()+1,"Tomorrow's Plan",IF(AA89<TODAY(),"Completed","Not Yet")))) -> Not Yet | AD89: =IF(AC89="","Not Yet",IF(AC89=TODAY(),"Today Completed",IF(AC89=TODAY()+1,"Tomorrow's Plan",IF(AC89<TODAY(),"Completed","Not Yet")))) -> Not Yet | AF89: =IF(AE89="","Not Yet",IF(AE89=TODAY(),"Today Completed",IF(AE89=TODAY()+1,"Tomorrow's Plan",IF(AE89<TODAY(),"Completed","Not Yet")))) -> Not Yet | AH89: =IF(AG89="","Not Yet",IF(AG89=TODAY(),"Today Completed",IF(AG89=TODAY()+1,"Tomorrow's Plan",IF(AG89<TODAY(),"Completed","Not Yet")))) -> Not Yet | AJ89: =IF(AI89="","Not Yet",IF(AI89=TODAY(),"Today Completed",IF(AI89=TODAY()+1,"Tomorrow's Plan",IF(AI89<TODAY(),"Completed","Not Yet")))) -> Not Yet | AL89: =IF(AK89="","Not Yet",IF(AK89=TODAY(),"Today Completed",IF(AK89=TODAY()+1,"Tomorrow's Plan",IF(AK89<TODAY(),"Completed","Not Yet")))) -> Not Yet | AM89: 12600 | AN89: 5.1 | AR89: =VLOOKUP(TOWER_LIST!B89,Spans!B:D,2,) -> 460 | AS89: =VLOOKUP(TOWER_LIST!B89,Spans!B:D,3,) -> 299 | AT89: =ROUND(AS89/AR89,2) -> 0.65 | AY89: 2T-2T | AZ89: 3 | BA89: =IF(AZ89>0,3," ") -> 3 | BC89: 1 | BD89: 1 | BE89: =IF(LEFT(C89,2)="BN","95-S","95-T") -> 95-T | BF89: 1 | BG89: 1 | BH89: =IF(LEFT(BE89,2)="18","JB"," " ) | BI89: =BE89 -> 95-T | BJ89: 1 | BK89: 1 | BL89: 2 | BM89: 0 | BO89: Step-1 | BT89: 36
AQ90: 440 | AU90: 19 | AV90: 394.05447 | AW90: 1530 | AX90: =IF(AQ90<700,"400/51","500/204") -> 400/51 | BB90: 9
A91: 38 | B91: 37 | C91: BNS+3 | H91: 293305.75 | I91: 4691845.1 | J91: 197.254 | K91: =IF(O91=TODAY(),"Access Road",IF(Q91=TODAY(),"Soil Investigation",IF(S91=TODAY(),"Excavation",IF(U91=TODAY(),"Lean Concrete",IF(W91=TODAY(),"Stub Settings",IF(Y91=TODAY(),"Concrete",IF(AA91=TODAY(),"Backfilling",IF(AC91=TODAY(),"Ground Erection",IF(AE91=TODAY(),"Crane Erection",IF(AG91=TODAY(),"Conductor",IF(AI91=TODAY(),"EW",IF(AK91=TODAY(),"OPGW","")))))))))))) | L91: =IF(O91=TODAY()+1,"Access Road",IF(Q91=TODAY()+1,"Soil Investigation",IF(S91=TODAY()+1,"Excavation",IF(U91=TODAY()+1,"Lean Concrete",IF(W91=TODAY()+1,"Stub Settings",IF(Y91=TODAY()+1,"Concrete",IF(AA91=TODAY()+1,"Backfilling",IF(AC91=TODAY()+1,"Ground Erection",IF(AE91=TODAY()+1,"Crane Erection",IF(AG91=TODAY()+1,"Conductor",IF(AI91=TODAY()+1,"EW",IF(AK91=TODAY()+1,"OPGW","")))))))))))) | P91: =IF(O91="","Not Yet",IF(O91=TODAY(),"Today Completed",IF(O91=TODAY()+1,"Tomorrow's Plan",IF(O91<TODAY(),"Completed","Not Yet")))) -> Not Yet | Q91: 46003 | R91: =IF(Q91="","Not Yet",IF(Q91=TODAY(),"Today Completed",IF(Q91=TODAY()+1,"Tomorrow's Plan",IF(Q91<TODAY(),"Completed","Not Yet")))) -> Completed | T91: =IF(S91="","Not Yet",IF(S91=TODAY(),"Today Completed",IF(S91=TODAY()+1,"Tomorrow's Plan",IF(S91<TODAY(),"Completed","Not Yet")))) -> Not Yet | V91: =IF(U91="","Not Yet",IF(U91=TODAY(),"Today Completed",IF(U91=TODAY()+1,"Tomorrow's Plan",IF(U91<TODAY(),"Completed","Not Yet")))) -> Not Yet | X91: =IF(W91="","Not Yet",IF(W91=TODAY(),"Today Completed",IF(W91=TODAY()+1,"Tomorrow's Plan",IF(W91<TODAY(),"Completed","Not Yet")))) -> Not Yet | Z91: =IF(Y91="","Not Yet",IF(Y91=TODAY(),"Today Completed",IF(Y91=TODAY()+1,"Tomorrow's Plan",IF(Y91<TODAY(),"Completed","Not Yet")))) -> Not Yet | AB91: =IF(AA91="","Not Yet",IF(AA91=TODAY(),"Today Completed",IF(AA91=TODAY()+1,"Tomorrow's Plan",IF(AA91<TODAY(),"Completed","Not Yet")))) -> Not Yet | AD91: =IF(AC91="","Not Yet",IF(AC91=TODAY(),"Today Completed",IF(AC91=TODAY()+1,"Tomorrow's Plan",IF(AC91<TODAY(),"Completed","Not Yet")))) -> Not Yet | AF91: =IF(AE91="","Not Yet",IF(AE91=TODAY(),"Today Completed",IF(AE91=TODAY()+1,"Tomorrow's Plan",IF(AE91<TODAY(),"Completed","Not Yet")))) -> Not Yet | AH91: =IF(AG91="","Not Yet",IF(AG91=TODAY(),"Today Completed",IF(AG91=TODAY()+1,"Tomorrow's Plan",IF(AG91<TODAY(),"Completed","Not Yet")))) -> Not Yet | AJ91: =IF(AI91="","Not Yet",IF(AI91=TODAY(),"Today Completed",IF(AI91=TODAY()+1,"Tomorrow's Plan",IF(AI91<TODAY(),"Completed","Not Yet")))) -> Not Yet | AL91: =IF(AK91="","Not Yet",IF(AK91=TODAY(),"Today Completed",IF(AK91=TODAY()+1,"Tomorrow's Plan",IF(AK91<TODAY(),"Completed","Not Yet")))) -> Not Yet | AM91: 13040 | AN91: 3 | AR91: =VLOOKUP(TOWER_LIST!B91,Spans!B:D,2,) -> 433 | AS91: =VLOOKUP(TOWER_LIST!B91,Spans!B:D,3,) -> 495 | AT91: =ROUND(AS91/AR91,2) -> 1.14 | AY91: SS | BA91: =IF(AZ91>0,3," ") | BC91: 1 | BD91: 1 | BE91: =IF(LEFT(C91,2)="BN","95-S","95-T") -> 95-S | BF91: 1 | BG91: 1 | BH91: =IF(LEFT(BE91,2)="18","JB"," " ) | BI91: =BE91 -> 95-S | BJ91: 1 | BK91: 1 | BL91: 2 | BM91: 0 | BO91: Step-1 | BT91: 37
AQ92: 425 | AX92: =IF(AQ92<700,"400/51","500/204") -> 400/51 | BB92: 8
A93: 39 | B93: 38 | C93: BNS+6 | H93: 293030.83 | I93: 4692169.2 | J93: 209.151 | K93: =IF(O93=TODAY(),"Access Road",IF(Q93=TODAY(),"Soil Investigation",IF(S93=TODAY(),"Excavation",IF(U93=TODAY(),"Lean Concrete",IF(W93=TODAY(),"Stub Settings",IF(Y93=TODAY(),"Concrete",IF(AA93=TODAY(),"Backfilling",IF(AC93=TODAY(),"Ground Erection",IF(AE93=TODAY(),"Crane Erection",IF(AG93=TODAY(),"Conductor",IF(AI93=TODAY(),"EW",IF(AK93=TODAY(),"OPGW","")))))))))))) | L93: =IF(O93=TODAY()+1,"Access Road",IF(Q93=TODAY()+1,"Soil Investigation",IF(S93=TODAY()+1,"Excavation",IF(U93=TODAY()+1,"Lean Concrete",IF(W93=TODAY()+1,"Stub Settings",IF(Y93=TODAY()+1,"Concrete",IF(AA93=TODAY()+1,"Backfilling",IF(AC93=TODAY()+1,"Ground Erection",IF(AE93=TODAY()+1,"Crane Erection",IF(AG93=TODAY()+1,"Conductor",IF(AI93=TODAY()+1,"EW",IF(AK93=TODAY()+1,"OPGW","")))))))))))) | P93: =IF(O93="","Not Yet",IF(O93=TODAY(),"Today Completed",IF(O93=TODAY()+1,"Tomorrow's Plan",IF(O93<TODAY(),"Completed","Not Yet")))) -> Not Yet | Q93: 46003 | R93: =IF(Q93="","Not Yet",IF(Q93=TODAY(),"Today Completed",IF(Q93=TODAY()+1,"Tomorrow's Plan",IF(Q93<TODAY(),"Completed","Not Yet")))) -> Completed | T93: =IF(S93="","Not Yet",IF(S93=TODAY(),"Today Completed",IF(S93=TODAY()+1,"Tomorrow's Plan",IF(S93<TODAY(),"Completed","Not Yet")))) -> Not Yet | V93: =IF(U93="","Not Yet",IF(U93=TODAY(),"Today Completed",IF(U93=TODAY()+1,"Tomorrow's Plan",IF(U93<TODAY(),"Completed","Not Yet")))) -> Not Yet | X93: =IF(W93="","Not Yet",IF(W93=TODAY(),"Today Completed",IF(W93=TODAY()+1,"Tomorrow's Plan",IF(W93<TODAY(),"Completed","Not Yet")))) -> Not Yet | Z93: =IF(Y93="","Not Yet",IF(Y93=TODAY(),"Today Completed",IF(Y93=TODAY()+1,"Tomorrow's Plan",IF(Y93<TODAY(),"Completed","Not Yet")))) -> Not Yet | AB93: =IF(AA93="","Not Yet",IF(AA93=TODAY(),"Today Completed",IF(AA93=TODAY()+1,"Tomorrow's Plan",IF(AA93<TODAY(),"Completed","Not Yet")))) -> Not Yet | AD93: =IF(AC93="","Not Yet",IF(AC93=TODAY(),"Today Completed",IF(AC93=TODAY()+1,"Tomorrow's Plan",IF(AC93<TODAY(),"Completed","Not Yet")))) -> Not Yet | AF93: =IF(AE93="","Not Yet",IF(AE93=TODAY(),"Today Completed",IF(AE93=TODAY()+1,"Tomorrow's Plan",IF(AE93<TODAY(),"Completed","Not Yet")))) -> Not Yet | AH93: =IF(AG93="","Not Yet",IF(AG93=TODAY(),"Today Completed",IF(AG93=TODAY()+1,"Tomorrow's Plan",IF(AG93<TODAY(),"Completed","Not Yet")))) -> Not Yet | AJ93: =IF(AI93="","Not Yet",IF(AI93=TODAY(),"Today Completed",IF(AI93=TODAY()+1,"Tomorrow's Plan",IF(AI93<TODAY(),"Completed","Not Yet")))) -> Not Yet | AL93: =IF(AK93="","Not Yet",IF(AK93=TODAY(),"Today Completed",IF(AK93=TODAY()+1,"Tomorrow's Plan",IF(AK93<TODAY(),"Completed","Not Yet")))) -> Not Yet | AM93: 13465 | AN93: 3 | AR93: =VLOOKUP(TOWER_LIST!B93,Spans!B:D,2,) -> 363 | AS93: =VLOOKUP(TOWER_LIST!B93,Spans!B:D,3,) -> 418 | AT93: =ROUND(AS93/AR93,2) -> 1.15 | AY93: DS | BA93: =IF(AZ93>0,3," ") | BC93: 1 | BD93: 1 | BE93: =IF(LEFT(C93,2)="BN","95-S","95-T") -> 95-S | BF93: 1 | BG93: 1 | BH93: =IF(LEFT(BE93,2)="18","JB"," " ) | BI93: =BE93 -> 95-S | BJ93: 1 | BK93: 1 | BL93: 2 | BM93: 0 | BO93: Step-1 | BT93: 38
AQ94: 300 | AX94: =IF(AQ94<700,"400/51","500/204") -> 400/51 | BB94: 6 | BR94: ROAD, MV OHDL
A95: 40 | B95: 39 | C95: BNS+3 | H95: 292836.76 | I95: 4692398 | J95: 208.052 | K95: =IF(O95=TODAY(),"Access Road",IF(Q95=TODAY(),"Soil Investigation",IF(S95=TODAY(),"Excavation",IF(U95=TODAY(),"Lean Concrete",IF(W95=TODAY(),"Stub Settings",IF(Y95=TODAY(),"Concrete",IF(AA95=TODAY(),"Backfilling",IF(AC95=TODAY(),"Ground Erection",IF(AE95=TODAY(),"Crane Erection",IF(AG95=TODAY(),"Conductor",IF(AI95=TODAY(),"EW",IF(AK95=TODAY(),"OPGW","")))))))))))) | L95: =IF(O95=TODAY()+1,"Access Road",IF(Q95=TODAY()+1,"Soil Investigation",IF(S95=TODAY()+1,"Excavation",IF(U95=TODAY()+1,"Lean Concrete",IF(W95=TODAY()+1,"Stub Settings",IF(Y95=TODAY()+1,"Concrete",IF(AA95=TODAY()+1,"Backfilling",IF(AC95=TODAY()+1,"Ground Erection",IF(AE95=TODAY()+1,"Crane Erection",IF(AG95=TODAY()+1,"Conductor",IF(AI95=TODAY()+1,"EW",IF(AK95=TODAY()+1,"OPGW","")))))))))))) | P95: =IF(O95="","Not Yet",IF(O95=TODAY(),"Today Completed",IF(O95=TODAY()+1,"Tomorrow's Plan",IF(O95<TODAY(),"Completed","Not Yet")))) -> Not Yet | Q95: 46003 | R95: =IF(Q95="","Not Yet",IF(Q95=TODAY(),"Today Completed",IF(Q95=TODAY()+1,"Tomorrow's Plan",IF(Q95<TODAY(),"Completed","Not Yet")))) -> Completed | T95: =IF(S95="","Not Yet",IF(S95=TODAY(),"Today Completed",IF(S95=TODAY()+1,"Tomorrow's Plan",IF(S95<TODAY(),"Completed","Not Yet")))) -> Not Yet | V95: =IF(U95="","Not Yet",IF(U95=TODAY(),"Today Completed",IF(U95=TODAY()+1,"Tomorrow's Plan",IF(U95<TODAY(),"Completed","Not Yet")))) -> Not Yet | X95: =IF(W95="","Not Yet",IF(W95=TODAY(),"Today Completed",IF(W95=TODAY()+1,"Tomorrow's Plan",IF(W95<TODAY(),"Completed","Not Yet")))) -> Not Yet | Z95: =IF(Y95="","Not Yet",IF(Y95=TODAY(),"Today Completed",IF(Y95=TODAY()+1,"Tomorrow's Plan",IF(Y95<TODAY(),"Completed","Not Yet")))) -> Not Yet | AB95: =IF(AA95="","Not Yet",IF(AA95=TODAY(),"Today Completed",IF(AA95=TODAY()+1,"Tomorrow's Plan",IF(AA95<TODAY(),"Completed","Not Yet")))) -> Not Yet | AD95: =IF(AC95="","Not Yet",IF(AC95=TODAY(),"Today Completed",IF(AC95=TODAY()+1,"Tomorrow's Plan",IF(AC95<TODAY(),"Completed","Not Yet")))) -> Not Yet | AF95: =IF(AE95="","Not Yet",IF(AE95=TODAY(),"Today Completed",IF(AE95=TODAY()+1,"Tomorrow's Plan",IF(AE95<TODAY(),"Completed","Not Yet")))) -> Not Yet | AH95: =IF(AG95="","Not Yet",IF(AG95=TODAY(),"Today Completed",IF(AG95=TODAY()+1,"Tomorrow's Plan",IF(AG95<TODAY(),"Completed","Not Yet")))) -> Not Yet | AJ95: =IF(AI95="","Not Yet",IF(AI95=TODAY(),"Today Completed",IF(AI95=TODAY()+1,"Tomorrow's Plan",IF(AI95<TODAY(),"Completed","Not Yet")))) -> Not Yet | AL95: =IF(AK95="","Not Yet",IF(AK95=TODAY(),"Today Completed",IF(AK95=TODAY()+1,"Tomorrow's Plan",IF(AK95<TODAY(),"Completed","Not Yet")))) -> Not Yet | AM95: 13765 | AN95: 4.1 | AR95: =VLOOKUP(TOWER_LIST!B95,Spans!B:D,2,) -> 333 | AS95: =VLOOKUP(TOWER_LIST!B95,Spans!B:D,3,) -> 375 | AT95: =ROUND(AS95/AR95,2) -> 1.13 | AY95: DS | BA95: =IF(AZ95>0,3," ") | BC95: 1 | BD95: 1 | BE95: =IF(LEFT(C95,2)="BN","95-S","95-T") -> 95-S | BF95: 1 | BG95: 1 | BH95: =IF(LEFT(BE95,2)="18","JB"," " ) | BI95: =BE95 -> 95-S | BJ95: 1 | BK95: 1 | BL95: 2 | BM95: 0 | BO95: Step-1 | BT95: 39
AQ96: 365 | AX96: =IF(AQ96<700,"400/51","500/204") -> 400/51 | BB96: 7 | BR96: TRACK
A97: 41 | B97: 40 | C97: B30-3 | H97: 292600.64 | I97: 4692676.4 | J97: 195.984 | K97: =IF(O97=TODAY(),"Access Road",IF(Q97=TODAY(),"Soil Investigation",IF(S97=TODAY(),"Excavation",IF(U97=TODAY(),"Lean Concrete",IF(W97=TODAY(),"Stub Settings",IF(Y97=TODAY(),"Concrete",IF(AA97=TODAY(),"Backfilling",IF(AC97=TODAY(),"Ground Erection",IF(AE97=TODAY(),"Crane Erection",IF(AG97=TODAY(),"Conductor",IF(AI97=TODAY(),"EW",IF(AK97=TODAY(),"OPGW","")))))))))))) | L97: =IF(O97=TODAY()+1,"Access Road",IF(Q97=TODAY()+1,"Soil Investigation",IF(S97=TODAY()+1,"Excavation",IF(U97=TODAY()+1,"Lean Concrete",IF(W97=TODAY()+1,"Stub Settings",IF(Y97=TODAY()+1,"Concrete",IF(AA97=TODAY()+1,"Backfilling",IF(AC97=TODAY()+1,"Ground Erection",IF(AE97=TODAY()+1,"Crane Erection",IF(AG97=TODAY()+1,"Conductor",IF(AI97=TODAY()+1,"EW",IF(AK97=TODAY()+1,"OPGW","")))))))))))) | P97: =IF(O97="","Not Yet",IF(O97=TODAY(),"Today Completed",IF(O97=TODAY()+1,"Tomorrow's Plan",IF(O97<TODAY(),"Completed","Not Yet")))) -> Not Yet | Q97: 46003 | R97: =IF(Q97="","Not Yet",IF(Q97=TODAY(),"Today Completed",IF(Q97=TODAY()+1,"Tomorrow's Plan",IF(Q97<TODAY(),"Completed","Not Yet")))) -> Completed | T97: =IF(S97="","Not Yet",IF(S97=TODAY(),"Today Completed",IF(S97=TODAY()+1,"Tomorrow's Plan",IF(S97<TODAY(),"Completed","Not Yet")))) -> Not Yet | V97: =IF(U97="","Not Yet",IF(U97=TODAY(),"Today Completed",IF(U97=TODAY()+1,"Tomorrow's Plan",IF(U97<TODAY(),"Completed","Not Yet")))) -> Not Yet | X97: =IF(W97="","Not Yet",IF(W97=TODAY(),"Today Completed",IF(W97=TODAY()+1,"Tomorrow's Plan",IF(W97<TODAY(),"Completed","Not Yet")))) -> Not Yet | Z97: =IF(Y97="","Not Yet",IF(Y97=TODAY(),"Today Completed",IF(Y97=TODAY()+1,"Tomorrow's Plan",IF(Y97<TODAY(),"Completed","Not Yet")))) -> Not Yet | AB97: =IF(AA97="","Not Yet",IF(AA97=TODAY(),"Today Completed",IF(AA97=TODAY()+1,"Tomorrow's Plan",IF(AA97<TODAY(),"Completed","Not Yet")))) -> Not Yet | AD97: =IF(AC97="","Not Yet",IF(AC97=TODAY(),"Today Completed",IF(AC97=TODAY()+1,"Tomorrow's Plan",IF(AC97<TODAY(),"Completed","Not Yet")))) -> Not Yet | AF97: =IF(AE97="","Not Yet",IF(AE97=TODAY(),"Today Completed",IF(AE97=TODAY()+1,"Tomorrow's Plan",IF(AE97<TODAY(),"Completed","Not Yet")))) -> Not Yet | AH97: =IF(AG97="","Not Yet",IF(AG97=TODAY(),"Today Completed",IF(AG97=TODAY()+1,"Tomorrow's Plan",IF(AG97<TODAY(),"Completed","Not Yet")))) -> Not Yet | AJ97: =IF(AI97="","Not Yet",IF(AI97=TODAY(),"Today Completed",IF(AI97=TODAY()+1,"Tomorrow's Plan",IF(AI97<TODAY(),"Completed","Not Yet")))) -> Not Yet | AL97: =IF(AK97="","Not Yet",IF(AK97=TODAY(),"Today Completed",IF(AK97=TODAY()+1,"Tomorrow's Plan",IF(AK97<TODAY(),"Completed","Not Yet")))) -> Not Yet | AM97: 14130 | AN97: 4.1 | AR97: =VLOOKUP(TOWER_LIST!B97,Spans!B:D,2,) -> 323 | AS97: =VLOOKUP(TOWER_LIST!B97,Spans!B:D,3,) -> 216 | AT97: =ROUND(AS97/AR97,2) -> 0.67 | AY97: 2T-2T | AZ97: 3 | BA97: =IF(AZ97>0,3," ") -> 3 | BC97: 1 | BD97: 1 | BE97: =IF(LEFT(C97,2)="BN","95-S","95-T") -> 95-T | BF97: 1 | BG97: 1 | BH97: =IF(LEFT(BE97,2)="18","JB"," " ) | BI97: =BE97 -> 95-T | BJ97: 1 | BK97: 1 | BL97: 2 | BM97: 0 | BO97: Step-1 | BT97: 40
AQ98: 280 | AU98: 20 | AV98: 363.86016 | AW98: 1050.42 | AX98: =IF(AQ98<700,"400/51","500/204") -> 400/51 | BB98: 5
A99: 42 | B99: 41 | C99: BNS+3 | H99: 292419.52 | I99: 4692889.9 | J99: 202.976 | K99: =IF(O99=TODAY(),"Access Road",IF(Q99=TODAY(),"Soil Investigation",IF(S99=TODAY(),"Excavation",IF(U99=TODAY(),"Lean Concrete",IF(W99=TODAY(),"Stub Settings",IF(Y99=TODAY(),"Concrete",IF(AA99=TODAY(),"Backfilling",IF(AC99=TODAY(),"Ground Erection",IF(AE99=TODAY(),"Crane Erection",IF(AG99=TODAY(),"Conductor",IF(AI99=TODAY(),"EW",IF(AK99=TODAY(),"OPGW","")))))))))))) | L99: =IF(O99=TODAY()+1,"Access Road",IF(Q99=TODAY()+1,"Soil Investigation",IF(S99=TODAY()+1,"Excavation",IF(U99=TODAY()+1,"Lean Concrete",IF(W99=TODAY()+1,"Stub Settings",IF(Y99=TODAY()+1,"Concrete",IF(AA99=TODAY()+1,"Backfilling",IF(AC99=TODAY()+1,"Ground Erection",IF(AE99=TODAY()+1,"Crane Erection",IF(AG99=TODAY()+1,"Conductor",IF(AI99=TODAY()+1,"EW",IF(AK99=TODAY()+1,"OPGW","")))))))))))) | P99: =IF(O99="","Not Yet",IF(O99=TODAY(),"Today Completed",IF(O99=TODAY()+1,"Tomorrow's Plan",IF(O99<TODAY(),"Completed","Not Yet")))) -> Not Yet | Q99: 46003 | R99: =IF(Q99="","Not Yet",IF(Q99=TODAY(),"Today Completed",IF(Q99=TODAY()+1,"Tomorrow's Plan",IF(Q99<TODAY(),"Completed","Not Yet")))) -> Completed | T99: =IF(S99="","Not Yet",IF(S99=TODAY(),"Today Completed",IF(S99=TODAY()+1,"Tomorrow's Plan",IF(S99<TODAY(),"Completed","Not Yet")))) -> Not Yet | V99: =IF(U99="","Not Yet",IF(U99=TODAY(),"Today Completed",IF(U99=TODAY()+1,"Tomorrow's Plan",IF(U99<TODAY(),"Completed","Not Yet")))) -> Not Yet | X99: =IF(W99="","Not Yet",IF(W99=TODAY(),"Today Completed",IF(W99=TODAY()+1,"Tomorrow's Plan",IF(W99<TODAY(),"Completed","Not Yet")))) -> Not Yet | Z99: =IF(Y99="","Not Yet",IF(Y99=TODAY(),"Today Completed",IF(Y99=TODAY()+1,"Tomorrow's Plan",IF(Y99<TODAY(),"Completed","Not Yet")))) -> Not Yet | AB99: =IF(AA99="","Not Yet",IF(AA99=TODAY(),"Today Completed",IF(AA99=TODAY()+1,"Tomorrow's Plan",IF(AA99<TODAY(),"Completed","Not Yet")))) -> Not Yet | AD99: =IF(AC99="","Not Yet",IF(AC99=TODAY(),"Today Completed",IF(AC99=TODAY()+1,"Tomorrow's Plan",IF(AC99<TODAY(),"Completed","Not Yet")))) -> Not Yet | AF99: =IF(AE99="","Not Yet",IF(AE99=TODAY(),"Today Completed",IF(AE99=TODAY()+1,"Tomorrow's Plan",IF(AE99<TODAY(),"Completed","Not Yet")))) -> Not Yet | AH99: =IF(AG99="","Not Yet",IF(AG99=TODAY(),"Today Completed",IF(AG99=TODAY()+1,"Tomorrow's Plan",IF(AG99<TODAY(),"Completed","Not Yet")))) -> Not Yet | AJ99: =IF(AI99="","Not Yet",IF(AI99=TODAY(),"Today Completed",IF(AI99=TODAY()+1,"Tomorrow's Plan",IF(AI99<TODAY(),"Completed","Not Yet")))) -> Not Yet | AL99: =IF(AK99="","Not Yet",IF(AK99=TODAY(),"Today Completed",IF(AK99=TODAY()+1,"Tomorrow's Plan",IF(AK99<TODAY(),"Completed","Not Yet")))) -> Not Yet | AM99: 14410 | AN99: 5.1 | AR99: =VLOOKUP(TOWER_LIST!B99,Spans!B:D,2,) -> 350 | AS99: =VLOOKUP(TOWER_LIST!B99,Spans!B:D,3,) -> 406 | AT99: =ROUND(AS99/AR99,2) -> 1.16 | AY99: SS | BA99: =IF(AZ99>0,3," ") | BC99: 1 | BD99: 1 | BE99: =IF(LEFT(C99,2)="BN","95-S","95-T") -> 95-S | BF99: 1 | BG99: 1 | BH99: =IF(LEFT(BE99,2)="18","JB"," " ) | BI99: =BE99 -> 95-S | BJ99: 1 | BK99: 1 | BL99: 2 | BM99: 0 | BO99: Step-1 | BT99: 41
AQ100: 420 | AX100: =IF(AQ100<700,"400/51","500/204") -> 400/51 | BB100: 8 | BR100: TRACK
A101: 43 | B101: 42 | C101: BNS-3 | H101: 292147.82 | I101: 4693210.2 | J101: 208.471 | K101: =IF(O101=TODAY(),"Access Road",IF(Q101=TODAY(),"Soil Investigation",IF(S101=TODAY(),"Excavation",IF(U101=TODAY(),"Lean Concrete",IF(W101=TODAY(),"Stub Settings",IF(Y101=TODAY(),"Concrete",IF(AA101=TODAY(),"Backfilling",IF(AC101=TODAY(),"Ground Erection",IF(AE101=TODAY(),"Crane Erection",IF(AG101=TODAY(),"Conductor",IF(AI101=TODAY(),"EW",IF(AK101=TODAY(),"OPGW","")))))))))))) | L101: =IF(O101=TODAY()+1,"Access Road",IF(Q101=TODAY()+1,"Soil Investigation",IF(S101=TODAY()+1,"Excavation",IF(U101=TODAY()+1,"Lean Concrete",IF(W101=TODAY()+1,"Stub Settings",IF(Y101=TODAY()+1,"Concrete",IF(AA101=TODAY()+1,"Backfilling",IF(AC101=TODAY()+1,"Ground Erection",IF(AE101=TODAY()+1,"Crane Erection",IF(AG101=TODAY()+1,"Conductor",IF(AI101=TODAY()+1,"EW",IF(AK101=TODAY()+1,"OPGW","")))))))))))) | P101: =IF(O101="","Not Yet",IF(O101=TODAY(),"Today Completed",IF(O101=TODAY()+1,"Tomorrow's Plan",IF(O101<TODAY(),"Completed","Not Yet")))) -> Not Yet | Q101: 46003 | R101: =IF(Q101="","Not Yet",IF(Q101=TODAY(),"Today Completed",IF(Q101=TODAY()+1,"Tomorrow's Plan",IF(Q101<TODAY(),"Completed","Not Yet")))) -> Completed | T101: =IF(S101="","Not Yet",IF(S101=TODAY(),"Today Completed",IF(S101=TODAY()+1,"Tomorrow's Plan",IF(S101<TODAY(),"Completed","Not Yet")))) -> Not Yet | V101: =IF(U101="","Not Yet",IF(U101=TODAY(),"Today Completed",IF(U101=TODAY()+1,"Tomorrow's Plan",IF(U101<TODAY(),"Completed","Not Yet")))) -> Not Yet | X101: =IF(W101="","Not Yet",IF(W101=TODAY(),"Today Completed",IF(W101=TODAY()+1,"Tomorrow's Plan",IF(W101<TODAY(),"Completed","Not Yet")))) -> Not Yet | Z101: =IF(Y101="","Not Yet",IF(Y101=TODAY(),"Today Completed",IF(Y101=TODAY()+1,"Tomorrow's Plan",IF(Y101<TODAY(),"Completed","Not Yet")))) -> Not Yet | AB101: =IF(AA101="","Not Yet",IF(AA101=TODAY(),"Today Completed",IF(AA101=TODAY()+1,"Tomorrow's Plan",IF(AA101<TODAY(),"Completed","Not Yet")))) -> Not Yet | AD101: =IF(AC101="","Not Yet",IF(AC101=TODAY(),"Today Completed",IF(AC101=TODAY()+1,"Tomorrow's Plan",IF(AC101<TODAY(),"Completed","Not Yet")))) -> Not Yet | AF101: =IF(AE101="","Not Yet",IF(AE101=TODAY(),"Today Completed",IF(AE101=TODAY()+1,"Tomorrow's Plan",IF(AE101<TODAY(),"Completed","Not Yet")))) -> Not Yet | AH101: =IF(AG101="","Not Yet",IF(AG101=TODAY(),"Today Completed",IF(AG101=TODAY()+1,"Tomorrow's Plan",IF(AG101<TODAY(),"Completed","Not Yet")))) -> Not Yet | AJ101: =IF(AI101="","Not Yet",IF(AI101=TODAY(),"Today Completed",IF(AI101=TODAY()+1,"Tomorrow's Plan",IF(AI101<TODAY(),"Completed","Not Yet")))) -> Not Yet | AL101: =IF(AK101="","Not Yet",IF(AK101=TODAY(),"Today Completed",IF(AK101=TODAY()+1,"Tomorrow's Plan",IF(AK101<TODAY(),"Completed","Not Yet")))) -> Not Yet | AM101: 14830 | AN101: 3 | AR101: =VLOOKUP(TOWER_LIST!B101,Spans!B:D,2,) -> 386 | AS101: =VLOOKUP(TOWER_LIST!B101,Spans!B:D,3,) -> 489 | AT101: =ROUND(AS101/AR101,2) -> 1.27 | AY101: DS | BA101: =IF(AZ101>0,3," ") | BC101: 1 | BD101: 1 | BE101: =IF(LEFT(C101,2)="BN","95-S","95-T") -> 95-S | BF101: 1 | BG101: 1 | BH101: =IF(LEFT(BE101,2)="18","JB"," " ) | BI101: =BE101 -> 95-S | BJ101: 1 | BK101: 1 | BL101: 2 | BM101: 0 | BO101: Step-1 | BT101: 42
AQ102: 350.42 | AX102: =IF(AQ102<700,"400/51","500/204") -> 400/51 | BB102: 7 | BR102: MV OHDL
A103: 44 | B103: 43 | C103: B30+0 | H103: 291921.14 | I103: 4693477.4 | J103: 173.227 | K103: =IF(O103=TODAY(),"Access Road",IF(Q103=TODAY(),"Soil Investigation",IF(S103=TODAY(),"Excavation",IF(U103=TODAY(),"Lean Concrete",IF(W103=TODAY(),"Stub Settings",IF(Y103=TODAY(),"Concrete",IF(AA103=TODAY(),"Backfilling",IF(AC103=TODAY(),"Ground Erection",IF(AE103=TODAY(),"Crane Erection",IF(AG103=TODAY(),"Conductor",IF(AI103=TODAY(),"EW",IF(AK103=TODAY(),"OPGW","")))))))))))) | L103: =IF(O103=TODAY()+1,"Access Road",IF(Q103=TODAY()+1,"Soil Investigation",IF(S103=TODAY()+1,"Excavation",IF(U103=TODAY()+1,"Lean Concrete",IF(W103=TODAY()+1,"Stub Settings",IF(Y103=TODAY()+1,"Concrete",IF(AA103=TODAY()+1,"Backfilling",IF(AC103=TODAY()+1,"Ground Erection",IF(AE103=TODAY()+1,"Crane Erection",IF(AG103=TODAY()+1,"Conductor",IF(AI103=TODAY()+1,"EW",IF(AK103=TODAY()+1,"OPGW","")))))))))))) | P103: =IF(O103="","Not Yet",IF(O103=TODAY(),"Today Completed",IF(O103=TODAY()+1,"Tomorrow's Plan",IF(O103<TODAY(),"Completed","Not Yet")))) -> Not Yet | Q103: 46003 | R103: =IF(Q103="","Not Yet",IF(Q103=TODAY(),"Today Completed",IF(Q103=TODAY()+1,"Tomorrow's Plan",IF(Q103<TODAY(),"Completed","Not Yet")))) -> Completed | T103: =IF(S103="","Not Yet",IF(S103=TODAY(),"Today Completed",IF(S103=TODAY()+1,"Tomorrow's Plan",IF(S103<TODAY(),"Completed","Not Yet")))) -> Not Yet | V103: =IF(U103="","Not Yet",IF(U103=TODAY(),"Today Completed",IF(U103=TODAY()+1,"Tomorrow's Plan",IF(U103<TODAY(),"Completed","Not Yet")))) -> Not Yet | X103: =IF(W103="","Not Yet",IF(W103=TODAY(),"Today Completed",IF(W103=TODAY()+1,"Tomorrow's Plan",IF(W103<TODAY(),"Completed","Not Yet")))) -> Not Yet | Z103: =IF(Y103="","Not Yet",IF(Y103=TODAY(),"Today Completed",IF(Y103=TODAY()+1,"Tomorrow's Plan",IF(Y103<TODAY(),"Completed","Not Yet")))) -> Not Yet | AB103: =IF(AA103="","Not Yet",IF(AA103=TODAY(),"Today Completed",IF(AA103=TODAY()+1,"Tomorrow's Plan",IF(AA103<TODAY(),"Completed","Not Yet")))) -> Not Yet | AD103: =IF(AC103="","Not Yet",IF(AC103=TODAY(),"Today Completed",IF(AC103=TODAY()+1,"Tomorrow's Plan",IF(AC103<TODAY(),"Completed","Not Yet")))) -> Not Yet | AF103: =IF(AE103="","Not Yet",IF(AE103=TODAY(),"Today Completed",IF(AE103=TODAY()+1,"Tomorrow's Plan",IF(AE103<TODAY(),"Completed","Not Yet")))) -> Not Yet | AH103: =IF(AG103="","Not Yet",IF(AG103=TODAY(),"Today Completed",IF(AG103=TODAY()+1,"Tomorrow's Plan",IF(AG103<TODAY(),"Completed","Not Yet")))) -> Not Yet | AJ103: =IF(AI103="","Not Yet",IF(AI103=TODAY(),"Today Completed",IF(AI103=TODAY()+1,"Tomorrow's Plan",IF(AI103<TODAY(),"Completed","Not Yet")))) -> Not Yet | AL103: =IF(AK103="","Not Yet",IF(AK103=TODAY(),"Today Completed",IF(AK103=TODAY()+1,"Tomorrow's Plan",IF(AK103<TODAY(),"Completed","Not Yet")))) -> Not Yet | AM103: 15180.42 | AN103: 5.1 | AO103: AP14 | AP103: 24.8755 | AR103: =VLOOKUP(TOWER_LIST!B103,Spans!B:D,2,) -> 339 | AS103: =VLOOKUP(TOWER_LIST!B103,Spans!B:D,3,) -> 159 | AT103: =ROUND(AS103/AR103,2) -> 0.47 | AY103: 2T-2T | AZ103: 1 | BA103: =IF(AZ103>0,3," ") -> 3 | BC103: 1 | BD103: 1 | BE103: =IF(LEFT(C103,2)="BN","95-S","95-T") -> 95-T | BF103: 1 | BG103: 1 | BH103: JB | BI103: =BE103 -> 95-T | BJ103: 1 | BK103: 1 | BL103: 2 | BM103: 0 | BO103: Step-1 | BT103: 43
...

Sheet Summary
A1: Contractor: | J1: Customer: | K1: Consultant:
K2: STRUCTURE LIST
A7: LOT 1: CONSTRUCTION OF 500KV JVARI - TSKALTUBO OVERHEAD LINE
A9: SUMMARY LIST
D12: FOUNDATIONS
B13: Towers | C13: Total | D13: Good Soil | E13: Poor Soil | F13: Soft Rock | G13: Hard Rock | H13: Water Logged | J13: LINE'S TOTAL LENGTH (m): | K13: =TOWER_LIST!AM417 -> 76074.23
D14: FDN1 | E14: FDN2 | F14: FDN3 | G14: FDN4 | H14: FDN5 | J14: TOTAL LINE LENGTH WITH ACO 400/51 CONDUCTOR (m): | K14: =SUMIF(TOWER_LIST!AX18:AX417,"400/51",TOWER_LIST!AQ18:AQ417) -> 69010.953
B15: BNS-6 | C15: =COUNTIF(TOWER_LIST!$C$2:$C$228,Summary!B15) -> 0 | D15: =C15 -> 0 | J15: TOTAL LINE LENGTH WITH ACYC 500/204 CONDUCTOR (m): | K15: =SUMIF(TOWER_LIST!AX18:AX417,"500/204",TOWER_LIST!AQ18:AQ417) -> 8530.515
B16: BNS-3 | C16: =COUNTIF(TOWER_LIST!$C$2:$C$1101,Summary!B16) -> 8 | D16: =C16 -> 8
B17: BNS+0 | C17: =COUNTIF(TOWER_LIST!$C$2:$C$1101,Summary!B17) -> 4 | D17: =C17 -> 4 | J17: PHASE CONDUCTOR
B18: BNS+3 | C18: =COUNTIF(TOWER_LIST!$C$2:$C$1101,Summary!B18) -> 16 | D18: =C18 -> 16 | J18: Insulator Strings Sets
B19: BNS+6 | C19: =COUNTIF(TOWER_LIST!$C$2:$C$1101,Summary!B19) -> 12 | D19: =C19 -> 12
B20: BNS+9 | C20: =COUNTIF(TOWER_LIST!$C$2:$C$1101,Summary!B20) -> 8 | D20: =C20 -> 8 | J20: Type | K20: Code | L20: Set/ Phase | M20: SC | N20: Total Sets
B21: BNS+12 | C21: =COUNTIF(TOWER_LIST!$C$2:$C$1101,Summary!B21) -> 6 | D21: =C21 -> 6
J22: SINGLE SUSPENSION SET (ACO 400/51) | K22: SS | L22: =COUNTIF(TOWER_LIST!AY17:AY550,Summary!K22) -> 43 | M22: 3 | N22: =L22*M22 -> 129
J23: DOUBLE SUSPENSION SET (ACO 400/51) | K23: DS | L23: =COUNTIF(TOWER_LIST!AY18:AY551,Summary!K23) -> 11 | M23: 3 | N23: =L23*M23 -> 33
B24: BLC-6 | C24: =COUNTIF(TOWER_LIST!$C$2:$C$1101,Summary!B24) -> 2 | D24: =C24 -> 2 | J24: DOUBLE TENSION (ACO 400/51) | K24: 2T | L24: =COUNTIF(TOWER_LIST!AY17:AY1698,"2T-2T")*2+COUNTIF(TOWER_LIST!AY17:AY1698,"3T-2T")+COUNTIF(TOWER_LIST!AY17:AY1698,"2T-3T")+COUNTIF(TOWER_LIST!AY17:AY1698,"2T") -> 270 | M24: 3 | N24: =L24*M24 -> 810
B25: BLC+0 | C25: =COUNTIF(TOWER_LIST!$C$2:$C$1101,Summary!B25) -> 3 | D25: =C25 -> 3 | J25: TRIPLE TENSION SET (ACYC 500/204) | K25: 3T | L25: =COUNTIF(TOWER_LIST!AY17:AY1698,"3T-3T")*2+COUNTIF(TOWER_LIST!AY17:AY1698,"3T-2T")+COUNTIF(TOWER_LIST!AY17:AY1698,"2T-3T") -> 22 | M25: 3 | N25: =L25*M25 -> 66
B26: BLC+6 | C26: =COUNTIF(TOWER_LIST!$C$2:$C$1101,Summary!B26) -> 0 | D26: =C26 -> 0 | J26: JUMPER SUSPENSION SET (ACO 400/51) | K26: JS | L26: =SUM(TOWER_LIST!AZ17:AZ417) -> 358 | M26: 1 | N26: =L26*M26 -> 358
B27: BLC+12 | C27: =COUNTIF(TOWER_LIST!$C$2:$C$1101,Summary!B27) -> 1 | D27: =C27 -> 1 | J27: Type | K27: Code | L27: Set/ Phase | M27: SC | N27: Total Sets / Units
B28: BLC+18 | C28: =COUNTIF(TOWER_LIST!$C$2:$C$1101,Summary!B28) -> 4 | D28: =C28 -> 4
B29: BLS-6 | C29: =COUNTIF(TOWER_LIST!$C$2:$C$1101,Summary!B29) -> 8 | D29: =C29 -> 8 | J29: 210 kN SILICONE SUSPENSION INSULATORS | L29: =N22+N23*2 -> 195
B30: BLS+0 | C30: =COUNTIF(TOWER_LIST!$C$2:$C$1101,Summary!B30) -> 7 | D30: =C30 -> 7 | J30: 210 kN SILICONE INSULATORS FOR DOUBLE TENSION SET | L30: =N24*2 -> 1620
B31: BLS+6 | C31: =COUNTIF(TOWER_LIST!$C$2:$C$1101,Summary!B31) -> 4 | D31: =C31 -> 4 | J31: 320 kN SILICONE INSULATORS FOR TRIPLE TENSION SET | L31: =N25*3 -> 198
B32: BLS+12 | C32: =COUNTIF(TOWER_LIST!$C$2:$C$1101,Summary!B32) -> 2 | D32: =C32 -> 2 | J32: 210 kN JUMPER SUSPENSION INSULATORS | L32: =N26 -> 358
B33: BLS+18 | C33: =COUNTIF(TOWER_LIST!$C$2:$C$1101,Summary!B33) -> 3 | D33: =C33 -> 3 | J33: RIGID SPACER | L33: =SUMPRODUCT(TOWER_LIST!AZ17:AZ418,TOWER_LIST!BA17:BA418) -> 780
B34: B30-6 | C34: =COUNTIF(TOWER_LIST!$C$2:$C$1101,Summary!B34) -> 0 | D34: =C34 -> 0 | J34: SPACER DAMPER FOR ACO 400/51 | L34: =SUMIF(TOWER_LIST!AX18:AX417,"400/51",TOWER_LIST!BB18:BB417) -> 1045 | M34: 3 | N34: =L34*M34 -> 3135
B35: B30-3 | C35: =COUNTIF(TOWER_LIST!$C$2:$C$1101,Summary!B35) -> 39 | D35: =C35 -> 39 | J35: SPACER DAMPER FOR ACYC 500/204 | L35: =SUMIF(TOWER_LIST!AX17:AX416,"500/204",TOWER_LIST!BB17:BB416) -> 131 | M35: 3 | N35: =L35*M35 -> 393
B36: B30+0 | C36: =COUNTIF(TOWER_LIST!$C$2:$C$1101,Summary!B36) -> 12 | D36: =C36 -> 12 | J36: STOCKBRIDGE DAMPER FOR ACO 400/51 | K36: UT3 | L36: =SUM(TOWER_LIST!BC16:BD417)-L37 -> 420 | M36: 3 | N36: =L36*M36*3 -> 3780
B37: B30+3 | C37: =COUNTIF(TOWER_LIST!$C$2:$C$1101,Summary!B37) -> 13 | D37: =C37 -> 13 | J37: STOCKBRIDGE DAMPER FOR ACYC 500/204 | K37: UT3 | L37: =40 -> 40 | M37: 3 | N37: =L37*M37*3 -> 360
B38: B30+6 | C38: =COUNTIF(TOWER_LIST!$C$2:$C$1101,Summary!B38) -> 7 | D38: =C38 -> 7 | J38: COUNTER WEIGHT (50kg) | L38: 10 | M38: 3 | N38: =L38*M38 -> 30
B39: B30+9 | C39: =COUNTIF(TOWER_LIST!$C$2:$C$1101,Summary!B39) -> 4 | D39: =C39 -> 4
B40: B30+12 | C40: =COUNTIF(TOWER_LIST!$C$2:$C$1101,Summary!B40) -> 13 | D40: =C40 -> 13 | J40: OPGW
B41: B60-6 | C41: =COUNTIF(TOWER_LIST!$C$2:$C$1101,Summary!B41) -> 0 | D41: =C41 -> 0 | J41: Type | M41: Code | N41: Total
B42: B60-3 | C42: =COUNTIF(TOWER_LIST!$C$2:$C$1101,Summary!B42) -> 6 | D42: =C42 -> 6 | J42: SUSPENSION SET (95 TYPE - 24 FIBERS) | M42: 95-S | N42: =COUNTIF(TOWER_LIST!BE17:BE418,M42) -> 54
B43: B60S-3 | C43: =COUNTIF(TOWER_LIST!$C$2:$C$1101,Summary!B43) -> 0 | D43: =C43 -> 0 | J43: TENSION NON-JOINT SET (95 TYPE - 24 FIBERS) | M43: 95-T | N43: 115
B44: B60+0 | C44: =COUNTIF(TOWER_LIST!$C$2:$C$1101,Summary!B44) -> 1 | D44: =C44 -> 1 | J44: TENSION JOINT SET DOUBLE (95 TYPE - 24 FIBERS) | M44: 95-T | N44: 18
B45: B60+3 | C45: =COUNTIF(TOWER_LIST!$C$2:$C$1101,Summary!B45) -> 2 | D45: =C45 -> 2 | J45: TENSION JOINT SET SINGLE (95 TYPE - 24 FIBERS) | M45: 95-TSJ | N45: 2
B46: B60+6 | C46: =COUNTIF(TOWER_LIST!$C$2:$C$1101,Summary!B46) -> 2 | D46: =C46 -> 2 | J46: TENSION JOINT SET DOUBLE (185 TYPE - 24 FIBERS) | M46: 185-T | N46: 7
B47: B60+9 | C47: =COUNTIF(TOWER_LIST!$C$2:$C$1101,Summary!B47) -> 1 | D47: =C47 -> 1 | J47: STOCKBRIDGE DAMPER FOR (95 TYPE - 24 FIBERS) | M47: UT2 | N47: =SUM(TOWER_LIST!BF16:BG417)-N48 -> 416
B48: B60+12 | C48: =COUNTIF(TOWER_LIST!$C$2:$C$1101,Summary!B48) -> 3 | D48: =C48 -> 3 | J48: STOCKBRIDGE DAMPER FOR (185 TYPE - 24 FIBERS) | M48: UT2 | N48: 40
B49: B90-3 | C49: =COUNTIF(TOWER_LIST!$C$2:$C$1101,Summary!B49) -> 2 | D49: =C49 -> 2 | J49: JOINT BOX | M49: JB | N49: =COUNTIF(TOWER_LIST!BH17:BH418,Summary!M49) -> 31
B50: B90+0 | C50: =COUNTIF(TOWER_LIST!$C$2:$C$1101,Summary!B50) -> 1 | D50: =C50 -> 1
B51: B90S+0 | C51: =COUNTIF(TOWER_LIST!$C$2:$C$1101,Summary!B51) -> 0 | D51: =C51 -> 0 | J51: EARTHWIRE
B52: B90+3 | C52: =COUNTIF(TOWER_LIST!$C$2:$C$1101,Summary!B52) -> 0 | D52: =C52 -> 0 | J52: Type | M52: Code | N52: Total
B53: B90+6 | C53: =COUNTIF(TOWER_LIST!$C$2:$C$1101,Summary!B53) -> 0 | D53: =C53 -> 0 | J53: SUSPENSION SET (ACS-95) | M53: 95-S | N53: =N42 -> 54
B54: B90+9 | C54: =COUNTIF(TOWER_LIST!$C$2:$C$1101,Summary!B54) -> 1 | D54: =C54 -> 1 | J54: ANCHOR UNIT (ACS-95) | M54: 95-T | N54: =N43 -> 115
B55: B90+12 | C55: =COUNTIF(TOWER_LIST!$C$2:$C$1101,Summary!B55) -> 1 | D55: =C55 -> 1 | J55: ANCHOR UNIT (ACS-185) | M55: 185-T | N55: =N46 -> 7
B56: B90C | C56: =COUNTIF(TOWER_LIST!$C$2:$C$1101,Summary!B56) -> 2 | D56: =C56 -> 2 | J56: STOCKBRIDGE DAMPER FOR (ACS-95)) | M56: UT1 | N56: =SUM(TOWER_LIST!BL17:BL418) -> 402
B57: Total | C57: =SUM(C15:C56) -> 198 | D57: =SUM(D15:D56) -> 198 | E57: =SUM(E15:E27) -> 0 | F57: =SUM(F15:F27) -> 0 | G57: =SUM(G15:G27) -> 0 | H57: =SUM(H15:H27) -> 0 | J57: STOCKBRIDGE DAMPER FOR (ACS-185)) | M57: UT2 | N57: =SUM(TOWER_LIST!BM17:BM418) -> 58

Sheet Spans
B1: No. | C1: Wind Span | D1: Weight Span
B2: G1 | C2: 43 | D2: 53
B3: 1 | C3: 183 | D3: 224
B4: 2 | C4: 280 | D4: 250
B5: 3 | C5: 291 | D5: 353
B6: 4 | C6: 302 | D6: 234
B7: 5 | C7: 321 | D7: 361
B8: 6 | C8: 274 | D8: 249
B9: 7 | C9: 308 | D9: 343
B10: 8 | C10: 398 | D10: 378
B11: 9 | C11: 375 | D11: 414
B12: 10 | C12: 358 | D12: 317
B13: 11 | C13: 345 | D13: 350
B14: 12 | C14: 338 | D14: 374
... B205: 205 | C205: 247 | D205: 270
B206: G2 | C206: 41 | D206: 39
